category,child,age
pers,Lilia,23
pers,Lilia,23
pers,Lilia,24
pers,Lilia,24
pers,Lilia,24
pers,Lilia,24
pers,Lilia,25
clitic,Lilia,25
indef,Lilia,23
indef,Lilia,25
indef,Lilia,26
indef,Lilia,30
qint,Lilia,25
qint,Lilia,25
qint,Lilia,25
qint,Lilia,25
qint,Lilia,25
qint,Lilia,25
ref,Lilia,23
ref,Lilia,23
ref,Lilia,24
ref,Lilia,24
ref,Lilia,24
ref,Lilia,24
ref,Lilia,24
ref,Lilia,24
ref,Lilia,24
ref,Lilia,24
ref,Lilia,24
ref,Lilia,24
ref,Lilia,24
ref,Lilia,24
ref,Lilia,24
ref,Lilia,24
ref,Lilia,24
ref,Lilia,24
ref,Lilia,24
ref,Lilia,24
ref,Lilia,24
ref,Lilia,24
ref,Lilia,24
ref,Lilia,24
ref,Lilia,24
ref,Lilia,24
ref,Lilia,24
ref,Lilia,24
ref,Lilia,24
ref,Lilia,24
ref,Lilia,24
ref,Lilia,24
ref,Lilia,24
ref,Lilia,25
ref,Lilia,25
ref,Lilia,25
ref,Lilia,25
ref,Lilia,25
ref,Lilia,25
ref,Lilia,25
ref,Lilia,25
ref,Lilia,25
ref,Lilia,25
ref,Lilia,25
ref,Lilia,25
ref,Lilia,25
ref,Lilia,25
ref,Lilia,25
ref,Lilia,25
ref,Lilia,25
ref,Lilia,25
ref,Lilia,25
ref,Lilia,25
ref,Lilia,25
ref,Lilia,25
ref,Lilia,25
ref,Lilia,25
ref,Lilia,25
ref,Lilia,25
ref,Lilia,25
ref,Lilia,25
ref,Lilia,25
ref,Lilia,25
ref,Lilia,25
ref,Lilia,24
ref,Lilia,25
prop,Lilia,25
prop,Lilia,25
anim,Lilia,33
anim,Lilia,25
body,Lilia,23
body,Lilia,24
body,Lilia,24
ngen,Lilia,24
ngen,Lilia,25
ngen,Lilia,25
pers,Minu,49
pers,Minu,49
pers,Minu,49
pers,Minu,49
pers,Minu,49
pers,Minu,49
pers,Minu,49
pers,Minu,49
pers,Minu,49
pers,Minu,49
pers,Minu,49
pers,Minu,49
pers,Minu,50
pers,Minu,50
pers,Minu,50
pers,Minu,50
pers,Minu,51
pers,Minu,49
pers,Minu,50
pers,Minu,50
pers,Minu,50
clitic,Minu,49
clitic,Minu,49
clitic,Minu,49
clitic,Minu,49
clitic,Minu,50
clitic,Minu,50
clitic,Minu,50
indef,Minu,51
indef,Minu,57
indef,Minu,62
indef,Minu,50
indef,Minu,58
indef,Minu,61
indef,Minu,61
indef,Minu,50
indef,Minu,50
indef,Minu,50
indef,Minu,50
indef,Minu,49
indef,Minu,49
ref,Minu,49
ref,Minu,49
ref,Minu,49
ref,Minu,49
ref,Minu,50
ref,Minu,49
ref,Minu,49
ref,Minu,49
ref,Minu,49
ref,Minu,49
ref,Minu,49
ref,Minu,49
ref,Minu,49
ref,Minu,49
ref,Minu,49
ref,Minu,49
ref,Minu,49
ref,Minu,49
ref,Minu,49
ref,Minu,50
ref,Minu,50
ref,Minu,50
ref,Minu,50
ref,Minu,50
ref,Minu,50
ref,Minu,50
ref,Minu,50
ref,Minu,50
ref,Minu,50
ref,Minu,50
ref,Minu,50
ref,Minu,50
ref,Minu,50
ref,Minu,50
ref,Minu,50
ref,Minu,50
ref,Minu,50
ref,Minu,50
ref,Minu,50
ref,Minu,51
ref,Minu,49
ref,Minu,49
ref,Minu,49
ref,Minu,49
ref,Minu,49
ref,Minu,49
ref,Minu,49
ref,Minu,50
ref,Minu,49
prop,Minu,50
prop,Minu,50
anim,Minu,49
anim,Minu,50
anim,Minu,62
anim,Minu,62
anim,Minu,49
anim,Minu,50
anim,Minu,51
anim,Minu,50
anim,Minu,50
anim,Minu,55
anim,Minu,55
body,Minu,49
body,Minu,49
body,Minu,49
body,Minu,49
body,Minu,49
body,Minu,49
body,Minu,49
body,Minu,49
body,Minu,50
body,Minu,50
body,Minu,50
body,Minu,49
body,Minu,49
body,Minu,49
body,Minu,50
body,Minu,50
body,Minu,50
body,Minu,49
body,Minu,49
food,Minu,49
food,Minu,49
food,Minu,49
food,Minu,49
food,Minu,49
food,Minu,49
food,Minu,49
abst,Minu,51
abst,Minu,51
abst,Minu,50
abst,Minu,50
abst,Minu,50
abst,Minu,50
abst,Minu,50
abst,Minu,50
ngen,Minu,49
ngen,Minu,49
ngen,Minu,49
ngen,Minu,49
ngen,Minu,50
ngen,Minu,50
ngen,Minu,60
ngen,Minu,49
ngen,Minu,49
ngen,Minu,49
ngen,Minu,49
ngen,Minu,49
ngen,Minu,51
ngen,Minu,51
ngen,Minu,49
ngen,Minu,51
ngen,Minu,56
ngen,Minu,56
ngen,Minu,49
ngen,Minu,49
ngen,Minu,49
ngen,Minu,49
ngen,Minu,49
ngen,Minu,49
ngen,Minu,49
ngen,Minu,49
ngen,Minu,49
ngen,Minu,49
ngen,Minu,50
ngen,Minu,50
ngen,Minu,50
ngen,Minu,50
ngen,Minu,50
ngen,Minu,50
ngen,Minu,55
ngen,Minu,53
ngen,Minu,62
ngen,Minu,50
ngen,Minu,50
ngen,Minu,50
ngen,Minu,50
ngen,Minu,50
ngen,Minu,57
ngen,Minu,61
ngen,Minu,24
ngen,Minu,49
ngen,Minu,49
ngen,Minu,57
ngen,Minu,61
ngen,Minu,50
ngen,Minu,50
ngen,Minu,50
ngen,Minu,50
ngen,Minu,60
ngen,Minu,60
ngen,Minu,50
ngen,Minu,51
ngen,Minu,49
