lemma,upos,total,marked,marked_rate
او,PRON,424,345,81.4
آن,PRON,384,384,100.0
آنها,PRON,256,228,89.1
من,PRON,253,226,89.3
خود,PRON,210,210,100.0
کار,NOUN,195,114,58.5
همه,NOUN,154,152,98.7
دست,NOUN,147,97,66.0
تمام,NOUN,136,135,99.3
ما,PRON,135,121,89.6
حق,NOUN,129,59,45.7
چیز,NOUN,127,68,53.5
شما,PRON,122,120,98.4
سر,NOUN,116,45,38.8
تو,PRON,116,101,87.1
کتاب,NOUN,98,66,67.3
اجازه,NOUN,95,12,12.6
مردم,NOUN,90,88,97.8
کس,NOUN,85,79,92.9
راه,NOUN,82,58,70.7
آب,NOUN,70,35,50.0
دل,NOUN,67,53,79.1
پا,NOUN,66,38,57.6
چشم,NOUN,64,36,56.2
جان,NOUN,58,23,39.7
خبر,NOUN,58,26,44.8
آنان,PRON,57,57,100.0
حرف,NOUN,57,43,75.4
زندگی,NOUN,57,48,84.2
خدا,NOUN,56,53,94.6
مشکل,NOUN,56,44,78.6
چه,NOUN,56,23,41.1
مطلب,NOUN,53,41,77.4
خانه,NOUN,52,41,78.8
اثر,NOUN,52,37,71.2
ارزش,NOUN,50,16,32.0
مو,NOUN,49,47,95.9
لباس,NOUN,49,34,69.4
فیلم,NOUN,48,35,72.9
نفر,NOUN,48,44,91.7
پول,NOUN,47,24,51.1
انسان,NOUN,46,44,95.7
قصد,NOUN,46,11,23.9
قدرت,NOUN,45,35,77.8
نام,NOUN,45,34,75.6
بخش,NOUN,44,43,97.7
شعر,NOUN,44,34,77.3
نقش,NOUN,44,24,54.5
موضوع,NOUN,44,44,100.0
یکی,NOUN,43,43,100.0
تمامی,NOUN,43,43,100.0
روح,NOUN,43,41,95.3
برنامه,NOUN,42,34,81.0
درس,NOUN,40,22,55.0
قرآن,PROPN,39,28,71.8
فرزند,NOUN,39,34,87.2
نیاز,NOUN,38,13,34.2
نماز,NOUN,37,22,59.5
روز,NOUN,37,31,83.8
طرح,NOUN,36,25,69.4
نظر,NOUN,36,21,58.3
مسئله,NOUN,36,35,97.2
حضور,NOUN,36,8,22.2
جا,NOUN,36,24,66.7
آنچه,NOUN,36,24,66.7
نگاه,NOUN,36,26,72.2
زمین,NOUN,35,33,94.3
پیام,NOUN,35,29,82.9
پاسخ,NOUN,35,6,17.1
قانون,NOUN,35,29,82.9
فرد,NOUN,35,33,94.3
قطعه,NOUN,35,29,82.9
جواب,NOUN,35,10,28.6
زن,NOUN,34,33,97.1
فرصت,NOUN,33,13,39.4
توجه,NOUN,33,10,30.3
در,NOUN,33,32,97.0
تعداد,NOUN,33,31,93.9
وقت,NOUN,33,15,45.5
گل,NOUN,32,19,59.4
کودک,NOUN,32,30,93.8
نور,NOUN,32,22,68.8
حکم,NOUN,31,23,74.2
مال,NOUN,31,26,83.9
مرد,NOUN,31,30,96.8
اهمیت,NOUN,31,2,6.5
نوع,NOUN,31,20,64.5
سنگ,NOUN,31,21,67.7
نامه,NOUN,31,13,41.9
مسیر,NOUN,31,28,90.3
احساس,NOUN,30,23,76.7
سخن,NOUN,29,20,69.0
وی,PRON,29,28,96.6
دختر,NOUN,29,26,89.7
غذا,NOUN,29,14,48.3
دلار,NOUN,29,7,24.1
ماده,NOUN,29,19,65.5
این,PRON,29,26,89.7
دیگری,NOUN,29,27,93.1
رأی,NOUN,28,18,64.3
مبلغ,NOUN,28,16,57.1
صورت,NOUN,28,22,78.6
اطلاعات,NOUN,27,20,74.1
بازیکن,NOUN,27,21,77.8
فرهنگ,NOUN,27,24,88.9
درد,NOUN,27,23,85.2
صدا,NOUN,27,19,70.4
تصمیم,NOUN,27,14,51.9
رو,NOUN,27,14,51.9
پسر,NOUN,27,19,70.4
فضا,NOUN,26,24,92.3
داستان,NOUN,26,18,69.2
دنیا,NOUN,26,23,88.5
زخم,NOUN,26,16,61.5
امر,NOUN,26,25,96.2
بازی,NOUN,26,21,80.8
انگشت,NOUN,26,8,30.8
کشور,NOUN,25,25,100.0
قلب,NOUN,25,24,96.0
متن,NOUN,25,25,100.0
سال,NOUN,25,15,60.0
زبان,NOUN,25,18,72.0
دشمن,NOUN,25,23,92.0
نیرو,NOUN,24,20,83.3
دستگاه,NOUN,24,13,54.2
عمل,NOUN,24,18,75.0
هدف,NOUN,24,23,95.8
امکان,NOUN,24,17,70.8
عکس,NOUN,24,21,87.5
درصد,NOUN,24,21,87.5
کلمه,NOUN,24,16,66.7
خون,NOUN,24,14,58.3
آتش,NOUN,24,14,58.3
وظیفه,NOUN,24,14,58.3
هشدار,NOUN,23,0,0.0
قرارداد,NOUN,23,14,60.9
عشق,NOUN,23,22,95.7
تاریخ,NOUN,23,19,82.6
اعتقاد,NOUN,23,6,26.1
آسیب,NOUN,23,1,4.3
بسیاری,NOUN,23,23,100.0
چه,PRON,23,0,0.0
اسم,NOUN,23,22,95.7
بیمار,NOUN,23,23,100.0
معنا,NOUN,22,10,45.5
نکته,NOUN,22,21,95.5
خودم,PRON,22,22,100.0
تأثیر,NOUN,22,5,22.7
نسخه,NOUN,22,19,86.4
حقیقت,NOUN,22,21,95.5
نتیجه,NOUN,22,13,59.1
نان,NOUN,22,10,45.5
فکر,NOUN,22,19,86.4
علاقه,NOUN,22,2,9.1
قسمت,NOUN,22,21,95.5
خط,NOUN,22,13,59.1
تن,NOUN,22,14,63.6
آیه,NOUN,21,20,95.2
گونه,NOUN,21,12,57.1
دارو,NOUN,21,10,47.6
دندان,NOUN,21,20,95.2
آینده,NOUN,20,20,100.0
درخت,NOUN,20,13,65.0
تصویر,NOUN,20,14,70.0
محصول,NOUN,20,18,90.0
بچه,NOUN,20,17,85.0
هزینه,NOUN,20,13,65.0
تومان,NOUN,20,0,0.0
ماشین,NOUN,20,19,95.0
سرعت,NOUN,20,6,30.0
دین,NOUN,20,16,80.0
دلیل,NOUN,20,5,25.0
ریشه,NOUN,20,10,50.0
سیاست,NOUN,20,17,85.0
مقدار,NOUN,20,15,75.0
کفش,NOUN,20,16,80.0
ارتباط,NOUN,20,8,40.0
کل,NOUN,20,20,100.0
رابطه,NOUN,20,13,65.0
ایمان,NOUN,20,6,30.0
اشک,NOUN,20,7,35.0
هوا,NOUN,20,18,90.0
زمان,NOUN,20,13,65.0
جایگاه,NOUN,20,14,70.0
شیر,NOUN,20,6,30.0
پوست,NOUN,20,17,85.0
رفتار,NOUN,20,17,85.0
واقعیت,NOUN,20,19,95.0
تا,NOUN,19,9,47.4
نفس,NOUN,19,14,73.7
خاطره,NOUN,19,16,84.2
دروغ,NOUN,19,4,21.1
ایران,PROPN,19,19,100.0
طرف,NOUN,19,18,94.7
رخصت,NOUN,19,0,0.0
انتظار,NOUN,19,8,42.1
گوشت,NOUN,19,14,73.7
دوره,NOUN,19,12,63.2
سایه,NOUN,19,6,31.6
گناه,NOUN,18,16,88.9
خودرو,NOUN,18,17,94.4
لب,NOUN,18,5,27.8
جمله,NOUN,18,16,88.9
وعده,NOUN,18,0,0.0
چهره,NOUN,18,14,77.8
پیشنهاد,NOUN,18,8,44.4
رنگ,NOUN,18,10,55.6
پرچم,NOUN,18,15,83.3
خودش,PRON,18,18,100.0
خودتان,PRON,18,18,100.0
میزان,NOUN,17,16,94.1
حرکت,NOUN,17,13,76.5
فعالیت,NOUN,17,10,58.8
مسئولیت,NOUN,17,7,41.2
وجود,NOUN,17,17,100.0
سود,NOUN,17,4,23.5
گوش,NOUN,17,9,52.9
کشتی,NOUN,17,16,94.1
خشم,NOUN,17,17,100.0
خانواده,NOUN,17,15,88.2
ضربه,NOUN,17,4,23.5
محل,NOUN,16,15,93.8
موقعیت,NOUN,16,15,93.8
لذت,NOUN,16,9,56.2
گام,NOUN,16,1,6.2
جنگ,NOUN,16,11,68.8
افزایش,NOUN,16,5,31.2
اسلام,NOUN,16,15,93.8
کلیه,NOUN,16,16,100.0
تفاوت,NOUN,16,3,18.8
تمایل,NOUN,16,1,6.2
توپ,NOUN,16,14,87.5
همدیگر,PRON,16,16,100.0
شهر,NOUN,16,16,100.0
بو,NOUN,16,11,68.8
محبت,NOUN,16,6,37.5
ایشان,PRON,15,15,100.0
صفحه,NOUN,15,11,73.3
گروه,NOUN,15,13,86.7
مقاله,NOUN,15,9,60.0
انقلاب,NOUN,15,14,93.3
خداوند,NOUN,15,15,100.0
دعا,NOUN,15,10,66.7
تجربه,NOUN,15,13,86.7
بدن,NOUN,15,15,100.0
موسیقی,NOUN,15,11,73.3
گزارش,NOUN,15,8,53.3
عنوان,NOUN,15,8,53.3
سند,NOUN,15,9,60.0
خسارت,NOUN,15,5,33.3
لطمه,NOUN,15,0,0.0
قیمت,NOUN,15,12,80.0
وام,NOUN,15,2,13.3
چراغ,NOUN,15,7,46.7
اشکال,NOUN,15,1,6.7
عادت,NOUN,14,5,35.7
دوست,NOUN,14,10,71.4
امید,NOUN,14,7,50.0
واژه,NOUN,14,13,92.9
نعمت,NOUN,14,10,71.4
هدیه,NOUN,14,8,57.1
بهره,NOUN,14,2,14.3
اسب,NOUN,14,11,78.6
مفهوم,NOUN,14,9,64.3
عملکرد,NOUN,14,13,92.9
زیبایی,NOUN,14,11,78.6
حس,NOUN,14,9,64.3
حالت,NOUN,14,6,42.9
توانایی,NOUN,14,9,64.3
قدم,NOUN,14,8,57.1
تکه,NOUN,14,9,64.3
آدم,NOUN,14,10,71.4
اندیشه,NOUN,14,14,100.0
ظرف,NOUN,14,11,78.6
جنس,NOUN,13,8,61.5
تلاش,NOUN,13,10,76.9
جوان,NOUN,13,12,92.3
شخصیت,NOUN,13,11,84.6
کام,NOUN,13,1,7.7
شمشیر,NOUN,13,4,30.8
سکوت,NOUN,13,9,69.2
جامعه,NOUN,13,13,100.0
انرژی,NOUN,13,9,69.2
نظام,NOUN,13,12,92.3
وسیله,NOUN,13,11,84.6
بازار,NOUN,13,12,92.3
میل,NOUN,13,1,7.7
صحنه,NOUN,13,13,100.0
اقدام,NOUN,13,7,53.8
میدان,NOUN,13,5,38.5
خودمان,PRON,13,13,100.0
آرزو,NOUN,13,8,61.5
اعتماد,NOUN,13,5,38.5
اعتراض,NOUN,13,11,84.6
تحریم,NOUN,13,12,92.3
دهان,NOUN,13,9,69.2
سؤال,NOUN,12,8,66.7
تیم,NOUN,12,12,100.0
پرونده,NOUN,12,9,75.0
پدر,NOUN,12,11,91.7
موج,NOUN,12,8,66.7
ذهن,NOUN,12,12,100.0
حکومت,NOUN,12,10,83.3
معنی,NOUN,12,7,58.3
سطح,NOUN,12,12,100.0
شخص,NOUN,12,11,91.7
پاداش,NOUN,12,4,33.3
لشکر,NOUN,12,9,75.0
شبکه,NOUN,12,7,58.3
عقیده,NOUN,12,9,75.0
برخی,NOUN,12,12,100.0
موضع,NOUN,12,9,75.0
دور,NOUN,12,12,100.0
لحظه,NOUN,12,12,100.0
سیستم,NOUN,12,10,83.3
آرامش,NOUN,12,4,33.3
آواز,NOUN,12,3,25.0
کینه,NOUN,12,6,50.0
آسمان,NOUN,12,10,83.3
مجموعه,NOUN,12,10,83.3
خدمت,NOUN,12,4,33.3
بنده,NOUN,12,12,100.0
دیدگاه,NOUN,12,10,83.3
روش,NOUN,12,10,83.3
ثروت,NOUN,12,10,83.3
پرده,NOUN,12,6,50.0
فریاد,NOUN,12,3,25.0
فایده,NOUN,12,0,0.0
آزادی,NOUN,12,11,91.7
باور,NOUN,12,4,33.3
اشتباه,NOUN,12,11,91.7
مدرک,NOUN,12,6,50.0
شکل,NOUN,12,7,58.3
علم,NOUN,12,6,50.0
پیراهن,NOUN,12,11,91.7
دم,NOUN,12,2,16.7
نشان,NOUN,12,2,16.7
برنج,NOUN,12,6,50.0
همکاری,NOUN,12,7,58.3
پیکر,NOUN,12,12,100.0
شرایط,NOUN,12,11,91.7
سرمایه,NOUN,11,10,90.9
مقام,NOUN,11,9,81.8
مدرسه,NOUN,11,9,81.8
دستور,NOUN,11,8,72.7
مادر,NOUN,11,9,81.8
مهارت,NOUN,11,8,72.7
تیر,NOUN,11,4,36.4
کف,NOUN,11,10,90.9
خواب,NOUN,11,10,90.9
فاصله,NOUN,11,6,54.5
نظارت,NOUN,11,2,18.2
ساعت,NOUN,11,10,90.9
کاغذ,NOUN,11,10,90.9
اصل,NOUN,11,10,90.9
پشت,NOUN,11,6,54.5
علت,NOUN,11,9,81.8
شکر,NOUN,11,8,72.7
قبر,NOUN,11,8,72.7
بعضی,NOUN,11,10,90.9
نرخ,NOUN,11,10,90.9
جریان,NOUN,11,9,81.8
زمینه,NOUN,11,11,100.0
تعارض,NOUN,11,1,9.1
اعتبار,NOUN,11,5,45.5
بذر,NOUN,11,6,54.5
سابقه,NOUN,11,5,45.5
امتیاز,NOUN,11,4,36.4
گوسفند,NOUN,11,7,63.6
قول,NOUN,11,0,0.0
نماینده,NOUN,11,7,63.6
شب,NOUN,11,11,100.0
قطره,NOUN,10,7,70.0
احتیاج,NOUN,10,0,0.0
گرایش,NOUN,10,2,20.0
یکدیگر,PRON,10,10,100.0
گوشی,NOUN,10,10,100.0
قوم,NOUN,10,8,80.0
رسم,NOUN,10,10,100.0
مورد,NOUN,10,10,100.0
رشته,NOUN,10,8,80.0
گردن,NOUN,10,9,90.0
انار,NOUN,10,7,70.0
حادثه,NOUN,10,9,90.0
هواپیما,NOUN,10,9,90.0
پیشرفت,NOUN,10,8,80.0
حدیث,NOUN,10,6,60.0
مسأله,NOUN,10,10,100.0
حال,NOUN,10,5,50.0
سهم,NOUN,10,6,60.0
فشار,NOUN,10,6,60.0
جلسه,NOUN,10,4,40.0
وضعیت,NOUN,10,7,70.0
جهان,NOUN,10,8,80.0
ترجمه,NOUN,10,10,100.0
تفکر,NOUN,10,10,100.0
عدد,NOUN,10,9,90.0
معرفت,NOUN,10,7,70.0
مهر,NOUN,10,6,60.0
نوزاد,NOUN,10,10,100.0
اینها,PRON,10,10,100.0
سیگار,NOUN,10,4,40.0
شعار,NOUN,10,4,40.0
آهنگ,NOUN,10,9,90.0
منفعت,NOUN,10,9,90.0
شغل,NOUN,10,7,70.0
خودت,PRON,10,10,100.0
کلاس,NOUN,10,3,30.0
خواسته,NOUN,10,9,90.0
بیم,NOUN,10,0,0.0
سقف,NOUN,10,7,70.0
سفره,NOUN,10,7,70.0
قلم,NOUN,10,6,60.0
سعی,NOUN,10,1,10.0
فرش,NOUN,10,6,60.0
تنه,NOUN,10,3,30.0
بنا,NOUN,10,8,80.0
بهشت,NOUN,10,7,70.0
نشریه,NOUN,10,8,80.0
بند,NOUN,10,6,60.0
شانس,NOUN,10,4,40.0
کالا,NOUN,10,10,100.0
رقابت,NOUN,10,3,30.0
پنجره,NOUN,10,10,100.0
سرنوشت,NOUN,10,10,100.0
عامل,NOUN,9,8,88.9
عده,NOUN,9,9,100.0
چادر,NOUN,9,5,55.6
جرأت,NOUN,9,5,55.6
جاذبه,NOUN,9,0,0.0
بشر,NOUN,9,8,88.9
مرز,NOUN,9,7,77.8
تردید,NOUN,9,3,33.3
نشانه,NOUN,9,3,33.3
حاجت,NOUN,9,6,66.7
جلد,NOUN,9,6,66.7
واحد,NOUN,9,7,77.8
گاز,NOUN,9,6,66.7
عهد,NOUN,9,4,44.4
سایت,NOUN,9,7,77.8
امام,PROPN,9,8,88.9
پیمان,NOUN,9,2,22.2
میوه,NOUN,9,5,55.6
مشابهت,NOUN,9,0,0.0
مشاوره,NOUN,9,0,0.0
شیوه,NOUN,9,8,88.9
صدمه,NOUN,9,0,0.0
تغییر,NOUN,9,8,88.9
دانشگاه,NOUN,9,9,100.0
نوشته,NOUN,9,9,100.0
دانه,NOUN,9,5,55.6
کمک,NOUN,9,4,44.4
صاحب,NOUN,9,7,77.8
برادر,NOUN,9,9,100.0
ساختار,NOUN,9,8,88.9
انگیزه,NOUN,9,5,55.6
شهید,NOUN,9,5,55.6
حمله,NOUN,9,9,100.0
اختلاف,NOUN,9,6,66.7
خودشان,PRON,9,9,100.0
پروژه,NOUN,9,8,88.9
جاده,NOUN,9,9,100.0
موتور,NOUN,9,7,77.8
خطر,NOUN,9,6,66.7
محدودیت,NOUN,9,5,55.6
نگرانی,NOUN,9,9,100.0
هراس,NOUN,9,1,11.1
متر,NOUN,9,8,88.9
دیوار,NOUN,9,8,88.9
نفرت,NOUN,9,2,22.2
روحیه,NOUN,9,7,77.8
نظم,NOUN,9,4,44.4
محیط,NOUN,9,9,100.0
روند,NOUN,9,8,88.9
بیماری,NOUN,9,6,66.7
نقشه,NOUN,9,8,88.9
نقطه,NOUN,9,8,88.9
توان,NOUN,9,5,55.6
پایه,NOUN,9,9,100.0
لیست,NOUN,9,8,88.9
فایل,NOUN,9,9,100.0
ایده,NOUN,9,6,66.7
شمع,NOUN,9,4,44.4
خوبی,NOUN,9,9,100.0
لبخند,NOUN,9,4,44.4
خیابان,NOUN,9,9,100.0
خویشتن,PRON,9,8,88.9
راز,NOUN,9,8,88.9
توقع,NOUN,9,2,22.2
یک,NOUN,9,9,100.0
گلو,NOUN,8,8,100.0
آبرو,NOUN,8,8,100.0
اتاق,NOUN,8,6,75.0
گندم,NOUN,8,6,75.0
رؤیا,NOUN,8,6,75.0
بار,NOUN,8,6,75.0
مناسبت,NOUN,8,2,25.0
توفیق,NOUN,8,2,25.0
تکلیف,NOUN,8,5,62.5
ملک,NOUN,8,6,75.0
ملت,NOUN,8,7,87.5
امنیت,NOUN,8,5,62.5
جهان,PROPN,8,8,100.0
انتقاد,NOUN,8,8,100.0
شرکت,NOUN,8,8,100.0
موجودیت,NOUN,8,2,25.0
شدن,NOUN,8,8,100.0
جسم,NOUN,8,8,100.0
مشت,NOUN,8,5,62.5
زحمت,NOUN,8,5,62.5
عالم,NOUN,8,8,100.0
شیطان,NOUN,8,8,100.0
پیامبر,NOUN,8,8,100.0
مشارکت,NOUN,8,0,0.0
سبزی,NOUN,8,7,87.5
ریال,NOUN,8,2,25.0
شیعه,NOUN,8,7,87.5
عنصر,NOUN,8,8,100.0
آگاهی,NOUN,8,1,12.5
سینه,NOUN,8,6,75.0
شباهت,NOUN,8,1,12.5
روزنامه,NOUN,8,7,87.5
سلام,NOUN,8,5,62.5
نمونه,NOUN,8,7,87.5
مجله,NOUN,8,7,87.5
مرتبه,NOUN,8,8,100.0
چنین,PRON,8,0,0.0
مراسم,NOUN,8,5,62.5
بنیان,NOUN,8,8,100.0
عمر,NOUN,8,6,75.0
مجلس,NOUN,8,5,62.5
قد,NOUN,8,3,37.5
حرمت,NOUN,8,8,100.0
نحوه,NOUN,8,8,100.0
علامت,NOUN,8,5,62.5
شوهر,NOUN,8,6,75.0
شیشه,NOUN,8,8,100.0
مرغ,NOUN,8,4,50.0
هیچ,NOUN,8,1,12.5
رکورد,NOUN,8,7,87.5
برکت,NOUN,8,2,25.0
دانشجو,NOUN,8,4,50.0
کردن,NOUN,8,6,75.0
شهر,PROPN,8,8,100.0
قصه,NOUN,8,6,75.0
بودن,NOUN,8,8,100.0
نفت,NOUN,8,7,87.5
قدر,NOUN,8,6,75.0
حاشیه,NOUN,7,6,85.7
امام,NOUN,7,7,100.0
شراب,NOUN,7,1,14.3
انتقام,NOUN,7,3,42.9
آشنایی,NOUN,7,0,0.0
تقوا,NOUN,7,3,42.9
آنجا,NOUN,7,7,100.0
تقاضا,NOUN,7,3,42.9
دولت,PROPN,7,7,100.0
اجرا,NOUN,7,5,71.4
لیوان,NOUN,7,3,42.9
مؤمن,NOUN,7,7,100.0
درآمد,NOUN,7,2,28.6
کیف,NOUN,7,7,100.0
گوشه,NOUN,7,6,85.7
نمره,NOUN,7,3,42.9
سیب,NOUN,7,5,71.4
روستا,NOUN,7,7,100.0
ماهی,NOUN,7,5,71.4
رهایی,NOUN,7,4,57.1
تار,NOUN,7,2,28.6
نمایش,NOUN,7,6,85.7
حلقه,NOUN,7,4,57.1
شوخی,NOUN,7,0,0.0
قرار,NOUN,7,2,28.6
هنر,NOUN,7,6,85.7
سرباز,NOUN,7,5,71.4
ریش,NOUN,7,5,71.4
زانو,NOUN,7,7,100.0
واکنش,NOUN,7,3,42.9
موفقیت,NOUN,7,6,85.7
صحت,NOUN,7,3,42.9
انسجام,NOUN,7,2,28.6
جسد,NOUN,7,7,100.0
ولایت,NOUN,7,7,100.0
تعادل,NOUN,7,4,57.1
ایراد,NOUN,7,1,14.3
آمار,NOUN,7,6,85.7
آمادگی,NOUN,7,7,100.0
موشک,NOUN,7,6,85.7
آمد,NOUN,7,0,0.0
غبار,NOUN,7,4,57.1
ساختمان,NOUN,7,7,100.0
پارچه,NOUN,7,6,85.7
جامه,NOUN,7,1,14.3
آمریکا,PROPN,7,7,100.0
تمرین,NOUN,7,6,85.7
معیار,NOUN,7,6,85.7
فروند,NOUN,7,4,57.1
غم,NOUN,7,6,85.7
ضمانت,NOUN,7,0,0.0
زندانی,NOUN,7,6,85.7
گیاه,NOUN,7,7,100.0
یار,NOUN,7,7,100.0
یقین,NOUN,7,0,0.0
تولید,NOUN,7,6,85.7
یاری,NOUN,7,0,0.0
اخلاق,NOUN,7,6,85.7
همسر,NOUN,7,6,85.7
سفر,NOUN,7,6,85.7
اطمینان,NOUN,7,0,0.0
برگ,NOUN,7,7,100.0
سکه,NOUN,7,5,71.4
محموله,NOUN,7,7,100.0
استیلا,NOUN,7,0,0.0
چای,NOUN,7,4,57.1
مذاکره,NOUN,7,2,28.6
علی,PROPN,7,7,100.0
شک,NOUN,7,0,0.0
مرکز,NOUN,7,7,100.0
برق,NOUN,7,4,57.1
ترکیب,NOUN,7,6,85.7
حجم,NOUN,7,7,100.0
درخواست,NOUN,7,5,71.4
خاک,NOUN,7,5,71.4
تابلو,NOUN,7,5,71.4
دوربین,NOUN,6,4,66.7
ستم,NOUN,6,1,16.7
ستاره,NOUN,6,6,100.0
پیاز,NOUN,6,4,66.7
گریه,NOUN,6,4,66.7
تصور,NOUN,6,4,66.7
عینک,NOUN,6,0,0.0
ظاهر,NOUN,6,6,100.0
عیسی,PROPN,6,6,100.0
وزن,NOUN,6,3,50.0
شرط,NOUN,6,5,83.3
انحراف,NOUN,6,2,33.3
مسلمان,NOUN,6,6,100.0
منبع,NOUN,6,4,66.7
دام,NOUN,6,3,50.0
زکات,NOUN,6,4,66.7
پایگاه,NOUN,6,6,100.0
ویژگی,NOUN,6,4,66.7
منزل,NOUN,6,2,33.3
منظره,NOUN,6,5,83.3
پست,NOUN,6,3,50.0
کوه,NOUN,6,5,83.3
راهکار,NOUN,6,3,50.0
باران,NOUN,6,4,66.7
ایمیل,NOUN,6,4,66.7
یاد,NOUN,6,5,83.3
کیلوگرم,NOUN,6,2,33.3
گلوله,NOUN,6,2,33.3
آزار,NOUN,6,0,0.0
شربت,NOUN,6,2,33.3
شرافت,NOUN,6,0,0.0
جنبه,NOUN,6,4,66.7
انتخابات,NOUN,6,6,100.0
بحث,NOUN,6,6,100.0
ورق,NOUN,6,5,83.3
گذشته,NOUN,6,6,100.0
جشن,NOUN,6,1,16.7
تفنگ,NOUN,6,4,66.7
تلفن,NOUN,6,5,83.3
را,NOUN,6,0,0.0
را,ADP,6,0,0.0
فرم,NOUN,6,6,100.0
فرمان,NOUN,6,5,83.3
صحبت,NOUN,6,3,50.0
پل,NOUN,6,5,83.3
مسجد,NOUN,6,4,66.7
الگو,NOUN,6,6,100.0
روی,NOUN,6,0,0.0
قربانی,NOUN,6,3,50.0
دفتر,NOUN,6,5,83.3
رمان,NOUN,6,4,66.7
بغض,NOUN,6,6,100.0
عزت,NOUN,6,4,66.7
چوب,NOUN,6,4,66.7
تحول,NOUN,6,5,83.3
تحمل,NOUN,6,5,83.3
نسل,NOUN,6,5,83.3
تخم,NOUN,6,4,66.7
حیوان,NOUN,6,6,100.0
حماسه,NOUN,6,3,50.0
رکعت,NOUN,6,2,33.3
مرده,NOUN,6,6,100.0
مرگ,NOUN,6,5,83.3
اقتدار,NOUN,6,6,100.0
مزرعه,NOUN,6,6,100.0
برف,NOUN,6,5,83.3
بسته,NOUN,6,5,83.3
تسلط,NOUN,6,0,0.0
ناخن,NOUN,6,6,100.0
حفره,NOUN,6,6,100.0
مدیریت,NOUN,6,6,100.0
ندا,NOUN,6,6,100.0
رضایت,NOUN,6,5,83.3
حریف,NOUN,6,6,100.0
ترانه,NOUN,6,3,50.0
سپاه,NOUN,6,6,100.0
حساب,NOUN,6,5,83.3
ادب,NOUN,6,5,83.3
اختیار,NOUN,6,5,83.3
اختلال,NOUN,6,1,16.7
نویسنده,NOUN,6,5,83.3
عضو,NOUN,6,5,83.3
عضویت,NOUN,6,1,16.7
شلوار,NOUN,6,5,83.3
شور,NOUN,6,3,50.0
شمار,NOUN,6,6,100.0
شماره,NOUN,6,6,100.0
کامپیوتر,NOUN,6,6,100.0
بهانه,NOUN,6,2,33.3
هرچه,NOUN,6,2,33.3
خستگی,NOUN,6,4,66.7
خطا,NOUN,6,5,83.3
استخراج,NOUN,6,0,0.0
کمال,NOUN,6,1,16.7
لقب,NOUN,6,2,33.3
تأخیر,NOUN,6,0,0.0
سنت,NOUN,6,6,100.0
نهایت,NOUN,6,5,83.3
ماجرا,NOUN,6,6,100.0
ادعا,NOUN,6,4,66.7
خواننده,NOUN,6,5,83.3
عقل,NOUN,6,6,100.0
روایت,NOUN,6,4,66.7
نوحه,NOUN,6,3,50.0
درب,NOUN,6,6,100.0
کمبود,NOUN,6,5,83.3
شتر,NOUN,6,6,100.0
کیلومتر,NOUN,6,5,83.3
شأن,NOUN,6,5,83.3
کیفیت,NOUN,5,3,60.0
جلوه,NOUN,5,0,0.0
مطالعه,NOUN,5,3,60.0
دو,NOUN,5,5,100.0
فهرست,NOUN,5,5,100.0
کنترل,NOUN,5,4,80.0
پلک,NOUN,5,3,60.0
گزینه,NOUN,5,5,100.0
خیر,NOUN,5,2,40.0
لایه,NOUN,5,5,100.0
لایحه,NOUN,5,5,100.0
رشد,NOUN,5,2,40.0
نهال,NOUN,5,3,60.0
مشخصه,NOUN,5,5,100.0
مشتری,NOUN,5,2,40.0
معاویه,PROPN,5,5,100.0
صبر,NOUN,5,1,20.0
صندوق,NOUN,5,5,100.0
صندلی,NOUN,5,3,60.0
صلح,NOUN,5,4,80.0
نقاب,NOUN,5,1,20.0
بمب,NOUN,5,3,60.0
رنج,NOUN,5,3,60.0
نصف,NOUN,5,4,80.0
بیشتر,NOUN,5,5,100.0
بیت,NOUN,5,2,40.0
عرب,NOUN,5,4,80.0
عطر,NOUN,5,3,60.0
تبلیغ,NOUN,5,3,60.0
امان,NOUN,5,1,20.0
جهت‌گیری,NOUN,5,0,0.0
پر,NOUN,5,3,60.0
اهل,NOUN,5,5,100.0
تیم,PROPN,5,5,100.0
رژیم,NOUN,5,5,100.0
سفارش,NOUN,5,3,60.0
سن,NOUN,5,2,40.0
لوله,NOUN,5,5,100.0
خوشبختی,NOUN,5,3,60.0
جام,NOUN,5,5,100.0
امانت,NOUN,5,5,100.0
شیوع,NOUN,5,0,0.0
ستون,NOUN,5,4,80.0
جور,NOUN,5,2,40.0
شیره,NOUN,5,4,80.0
فرسایش,NOUN,5,0,0.0
ذخیره,NOUN,5,5,100.0
مغز,NOUN,5,5,100.0
شی,NOUN,5,5,100.0
سراسر,NOUN,5,5,100.0
سد,NOUN,5,4,80.0
افسوس,NOUN,5,1,20.0
پیوند,NOUN,5,4,80.0
حاصل,NOUN,5,4,80.0
مزیت,NOUN,5,5,100.0
عذاب,NOUN,5,0,0.0
هماهنگی,NOUN,5,2,40.0
علف,NOUN,5,5,100.0
سریال,NOUN,5,4,80.0
سلول,NOUN,5,5,100.0
کلید,NOUN,5,4,80.0
لطف,NOUN,5,3,60.0
احتمال,NOUN,5,2,40.0
افتخار,NOUN,5,3,60.0
زیرآب,NOUN,5,5,100.0
باد,NOUN,5,2,40.0
اعلامیه,NOUN,5,4,80.0
اقتصاد,NOUN,5,5,100.0
دقیقه,NOUN,5,2,40.0
طعم,NOUN,5,5,100.0
بادبادک,NOUN,5,5,100.0
اراده,NOUN,5,5,100.0
سلامت,NOUN,5,3,60.0
دردسر,NOUN,5,0,0.0
باغ,PROPN,5,5,100.0
توشه,NOUN,5,1,20.0
منطقه,NOUN,5,5,100.0
حسادت,NOUN,5,3,60.0
حریق,NOUN,5,5,100.0
حضرت,PROPN,5,5,100.0
شکست,NOUN,5,3,60.0
سردرد,NOUN,5,0,0.0
بساط,NOUN,5,2,40.0
رسمیت,NOUN,5,0,0.0
کت,NOUN,5,3,60.0
کبوتر,NOUN,5,4,80.0
مبحث,NOUN,5,4,80.0
خمیر,NOUN,5,5,100.0
واقعه,NOUN,5,5,100.0
هکتار,NOUN,5,4,80.0
ترور,NOUN,5,5,100.0
مهریه,NOUN,5,5,100.0
فراغت,NOUN,5,0,0.0
ضرر,NOUN,5,0,0.0
چاقو,NOUN,5,2,40.0
مرحله,NOUN,5,5,100.0
حسن,NOUN,5,3,60.0
کاخ,NOUN,5,5,100.0
عاقبت,NOUN,5,4,80.0
ریاست,NOUN,5,5,100.0
ناسزا,NOUN,5,0,0.0
کاهش,NOUN,5,3,60.0
دریا,NOUN,5,4,80.0
درون,NOUN,5,4,80.0
ماه,NOUN,5,4,80.0
هویت,NOUN,5,5,100.0
سوره,PROPN,5,5,100.0
شایستگی,NOUN,5,5,100.0
آینه,NOUN,5,5,100.0
شاگرد,NOUN,5,3,60.0
وزیر,NOUN,5,5,100.0
طبیعت,NOUN,5,4,80.0
بافت,NOUN,5,4,80.0
بحران,NOUN,5,5,100.0
تمدن,NOUN,5,5,100.0
تماس,NOUN,5,2,40.0
استعداد,NOUN,5,2,40.0
استرس,NOUN,5,0,0.0
خانوار,NOUN,5,5,100.0
دستمزد,NOUN,5,2,40.0
محلول,NOUN,5,4,80.0
حوصله,NOUN,5,1,20.0
شهروند,NOUN,5,4,80.0
شکوه,NOUN,5,5,100.0
حیاط,NOUN,5,5,100.0
محوطه,NOUN,5,5,100.0
شام,NOUN,5,2,40.0
اسلحه,NOUN,5,2,40.0
اسیر,NOUN,5,5,100.0
کارت,NOUN,5,3,60.0
شادی,NOUN,5,5,100.0
دغدغه,NOUN,5,2,40.0
مکالمه,NOUN,5,5,100.0
مژه,NOUN,5,4,80.0
مچ,NOUN,5,5,100.0
طول,NOUN,5,4,80.0
وبلاگ,NOUN,5,4,80.0
رزق,NOUN,5,4,80.0
نیت,NOUN,5,1,20.0
سگ,NOUN,5,5,100.0
روزه,NOUN,5,4,80.0
ابرو,NOUN,5,5,100.0
کلام,NOUN,5,4,80.0
دانش,NOUN,5,3,60.0
شانه,NOUN,5,3,60.0
دامنه,NOUN,4,3,75.0
شاهنامه,PROPN,4,3,75.0
شاه,NOUN,4,4,100.0
گوساله,NOUN,4,3,75.0
آرمان,NOUN,4,4,100.0
لبه,NOUN,4,4,100.0
کلاه,NOUN,4,3,75.0
اتهام,NOUN,4,2,50.0
کمر,NOUN,4,3,75.0
کناره,NOUN,4,4,100.0
نوشابه,NOUN,4,2,50.0
جمع,NOUN,4,4,100.0
یقه,NOUN,4,4,100.0
آزمون,NOUN,4,4,100.0
آدرس,NOUN,4,3,75.0
اتساع,NOUN,4,0,0.0
اتفاق,NOUN,4,0,0.0
شاخه,NOUN,4,4,100.0
سیر,NOUN,4,2,50.0
سیم,NOUN,4,3,75.0
آدمی,NOUN,4,4,100.0
آرد,NOUN,4,3,75.0
رهبر,NOUN,4,4,100.0
شتاب,NOUN,4,1,25.0
کیسه,NOUN,4,1,25.0
رسالت,NOUN,4,4,100.0
واکسن,NOUN,4,4,100.0
زدن,NOUN,4,4,100.0
طناب,NOUN,4,4,100.0
ورودی,NOUN,4,4,100.0
وحدت,NOUN,4,4,100.0
بت,NOUN,4,3,75.0
تلفات,NOUN,4,2,50.0
مکان,NOUN,4,3,75.0
تعهد,NOUN,4,2,50.0
سپاه,PROPN,4,4,100.0
چگونگی,NOUN,4,4,100.0
اسحاق,PROPN,4,4,100.0
بال,NOUN,4,3,75.0
گرفتاری,NOUN,4,2,50.0
گاو,NOUN,4,2,50.0
کوچه,NOUN,4,4,100.0
ورزش,NOUN,4,4,100.0
ورزشگاه,NOUN,4,4,100.0
مخاطب,NOUN,4,4,100.0
محتوا,NOUN,4,4,100.0
مدت,NOUN,4,4,100.0
سرمه,NOUN,4,0,0.0
حوزه,NOUN,4,2,50.0
حکمت,NOUN,4,3,75.0
حقانیت,NOUN,4,4,100.0
دقت,NOUN,4,2,50.0
دشمنی,NOUN,4,2,50.0
چک,NOUN,4,2,50.0
اظهار,NOUN,4,3,75.0
استقلال,NOUN,4,4,100.0
کارگر,NOUN,4,4,100.0
سطل,NOUN,4,3,75.0
دسترسی,NOUN,4,1,25.0
خبرنگار,NOUN,4,3,75.0
خانم,NOUN,4,4,100.0
استراتژی,NOUN,4,4,100.0
سرود,NOUN,4,4,100.0
سرور,NOUN,4,4,100.0
قرص,NOUN,4,2,50.0
عکس‌العمل,NOUN,4,1,25.0
رخت,NOUN,4,2,50.0
چرخ,NOUN,4,3,75.0
رتبه,NOUN,4,3,75.0
زمام,NOUN,4,4,100.0
موبایل,NOUN,4,4,100.0
تنهایی,NOUN,4,4,100.0
بازو,NOUN,4,3,75.0
وجه,NOUN,4,4,100.0
خرج,NOUN,4,4,100.0
درود,NOUN,4,1,25.0
استعفا,NOUN,4,4,100.0
تعبیر,NOUN,4,3,75.0
تعصب,NOUN,4,2,50.0
رگ,NOUN,4,4,100.0
عارضه,NOUN,4,2,50.0
حقوق,NOUN,4,1,25.0
حمایت,NOUN,4,4,100.0
افسانه,NOUN,4,2,50.0
چاره,NOUN,4,0,0.0
غلام,NOUN,4,4,100.0
غنی‌سازی,NOUN,4,4,100.0
مهار,NOUN,4,4,100.0
مهلت,NOUN,4,1,25.0
توانمندی,NOUN,4,4,100.0
خلق,NOUN,4,4,100.0
خشونت,NOUN,4,4,100.0
استخوان,NOUN,4,4,100.0
اساس,NOUN,4,4,100.0
بزرگی,NOUN,4,1,25.0
بستر,NOUN,4,2,50.0
برده‌داری,NOUN,4,4,100.0
سجاده,NOUN,4,1,25.0
شکایت,NOUN,4,3,75.0
حضرت,NOUN,4,4,100.0
مدیر,NOUN,4,3,75.0
مذهب,NOUN,4,4,100.0
منشأ,NOUN,4,3,75.0
توسعه,NOUN,4,4,100.0
سوزن,NOUN,4,4,100.0
درمان,NOUN,4,3,75.0
دره,NOUN,4,4,100.0
ماژیک,NOUN,4,4,100.0
سفیر,NOUN,4,3,75.0
سلاح,NOUN,4,3,75.0
مبادله,NOUN,4,1,25.0
ماشه,NOUN,4,4,100.0
بدهی,NOUN,4,3,75.0
بدی,NOUN,4,2,50.0
تزلزل,NOUN,4,0,0.0
تسبیح,NOUN,4,3,75.0
تست,NOUN,4,2,50.0
ترس,NOUN,4,3,75.0
قابلیت,NOUN,4,3,75.0
شیرینی,NOUN,4,3,75.0
چاه,NOUN,4,3,75.0
پرسش,NOUN,4,4,100.0
ذوق,NOUN,4,3,75.0
رئیس,NOUN,4,4,100.0
افسار,NOUN,4,4,100.0
حد,NOUN,4,3,75.0
عبارت,NOUN,4,3,75.0
احاطه,NOUN,4,0,0.0
قفل,NOUN,4,1,25.0
نخ,NOUN,4,3,75.0
رفتن,NOUN,4,4,100.0
همین,PRON,4,4,100.0
همت,NOUN,4,2,50.0
ظفر,NOUN,4,0,0.0
حداکثر,NOUN,4,4,100.0
حرارت,NOUN,4,2,50.0
حافظه,NOUN,4,4,100.0
الهام,NOUN,4,1,25.0
ثانیه,NOUN,4,3,75.0
دیکتاتور,NOUN,4,4,100.0
پاره,NOUN,4,4,100.0
اینترنت,NOUN,4,4,100.0
باب,NOUN,4,3,75.0
حاکمیت,NOUN,4,3,75.0
مسئول,NOUN,4,4,100.0
مساعدت,NOUN,4,0,0.0
مسافر,NOUN,4,3,75.0
پیروزی,NOUN,4,3,75.0
معلم,NOUN,4,4,100.0
توطئه,NOUN,4,4,100.0
نقاشی,NOUN,4,4,100.0
خوراک,NOUN,4,2,50.0
خنده,NOUN,4,4,100.0
شعله,NOUN,4,2,50.0
کمیته,NOUN,4,4,100.0
ظلم,NOUN,4,2,50.0
تراکتور,NOUN,4,3,75.0
نسیم,NOUN,4,1,25.0
نشاط,NOUN,4,3,75.0
تجهیزات,NOUN,4,3,75.0
همان,PRON,4,4,100.0
ایرانی,NOUN,4,4,100.0
پای,NOUN,4,2,50.0
پایان,NOUN,4,3,75.0
فوتبال,NOUN,4,4,100.0
دود,NOUN,4,1,25.0
جهت,NOUN,4,3,75.0
پیامبر,PROPN,4,4,100.0
انبساط,NOUN,4,0,0.0
صدقه,NOUN,4,0,0.0
جدایی,NOUN,4,2,50.0
جرم,NOUN,4,4,100.0
تئاتر,NOUN,4,2,50.0
عراق,PROPN,4,4,100.0
بودجه,NOUN,4,3,75.0
نیش,NOUN,4,4,100.0
نظریه,NOUN,4,4,100.0
عمق,NOUN,4,3,75.0
رمز,NOUN,4,4,100.0
دیدار,NOUN,4,4,100.0
دیده,NOUN,4,1,25.0
صلاحیت,NOUN,4,3,75.0
پرواز,NOUN,4,3,75.0
معبد,NOUN,4,4,100.0
معتاد,NOUN,4,4,100.0
جایزه,NOUN,4,1,25.0
پروسه,NOUN,4,4,100.0
انتخاب,NOUN,4,3,75.0
روزی,NOUN,4,4,100.0
نما,NOUN,4,3,75.0
آپارتمان,NOUN,4,3,75.0
بیانیه,NOUN,4,2,50.0
ابزار,NOUN,4,4,100.0
داده,NOUN,4,4,100.0
درجه,NOUN,4,4,100.0
قهرمانی,NOUN,4,4,100.0
نشانی,NOUN,4,3,75.0
تبریک,NOUN,4,0,0.0
تبلور,NOUN,4,0,0.0
آلودگی,NOUN,4,4,100.0
پله,NOUN,4,3,75.0
اندازه,NOUN,4,3,75.0
آقا,NOUN,4,4,100.0
جنازه,NOUN,4,4,100.0
که,NOUN,4,4,100.0
سلیقه,NOUN,4,3,75.0
دولت,NOUN,4,2,50.0
مطالبه,NOUN,4,4,100.0
یورو,NOUN,4,0,0.0
آخرت,NOUN,4,4,100.0
لزوم,NOUN,4,0,0.0
دانش‌آموز,NOUN,4,4,100.0
سپاس,NOUN,3,0,0.0
داور,NOUN,3,3,100.0
دانشگاه,PROPN,3,3,100.0
شاخص,NOUN,3,2,66.7
آن‌ها,PRON,3,3,100.0
عقده,NOUN,3,2,66.7
نمایندگی,NOUN,3,0,0.0
نواختن,NOUN,3,3,100.0
نوآوری,NOUN,3,3,100.0
روزگار,NOUN,3,3,100.0
نمک,NOUN,3,0,0.0
ننگ,NOUN,3,3,100.0
تأسیسات,NOUN,3,3,100.0
نقل,NOUN,3,1,33.3
نوک,NOUN,3,2,66.7
بیان,NOUN,3,3,100.0
ابوبکر,PROPN,3,3,100.0
خیال,NOUN,3,2,66.7
خیلی,NOUN,3,3,100.0
داخل,NOUN,3,3,100.0
لانه,NOUN,3,3,100.0
قله,NOUN,3,3,100.0
دانشمند,NOUN,3,3,100.0
قوطی,NOUN,3,3,100.0
قضیه,NOUN,3,3,100.0
سبیل,NOUN,3,2,66.7
مشروب,NOUN,3,1,33.3
گریبان,NOUN,3,0,0.0
گرد,NOUN,3,2,66.7
صداقت,NOUN,3,2,66.7
انجیل,PROPN,3,3,100.0
اندام,NOUN,3,3,100.0
گسترش,NOUN,3,3,100.0
مشروعیت,NOUN,3,2,66.7
مشق,NOUN,3,3,100.0
جنایت,NOUN,3,3,100.0
جنبش,NOUN,3,2,66.7
فلسفه,NOUN,3,3,100.0
فلش,NOUN,3,2,66.7
فن,NOUN,3,3,100.0
فناوری,NOUN,3,3,100.0
فعل,NOUN,3,3,100.0
صفت,NOUN,3,3,100.0
ساز,NOUN,3,3,100.0
انگلیسی,NOUN,3,1,33.3
پروردگار,NOUN,3,3,100.0
معاهده,NOUN,3,1,33.3
جزیره,NOUN,3,3,100.0
جسارت,NOUN,3,1,33.3
جای,NOUN,3,1,33.3
پلیس,NOUN,3,3,100.0
انسانیت,NOUN,3,3,100.0
انصاف,NOUN,3,1,33.3
سازمان,PROPN,3,3,100.0
زیان,NOUN,3,0,0.0
مظلومیت,NOUN,3,3,100.0
سبک,NOUN,3,3,100.0
معجزه,NOUN,3,1,33.3
جاسوس,NOUN,3,2,66.7
توضیح,NOUN,3,1,33.3
ایستگاه,NOUN,3,3,100.0
اورانیوم,NOUN,3,3,100.0
اولویت,NOUN,3,1,33.3
انقراض,NOUN,3,0,0.0
امتحان,NOUN,3,2,66.7
امضا,NOUN,3,3,100.0
پوشه,NOUN,3,3,100.0
پیغام,NOUN,3,1,33.3
مزه,NOUN,3,3,100.0
فقره,NOUN,3,1,33.3
مسیح,NOUN,3,3,100.0
پنیر,NOUN,3,1,33.3
معادل,NOUN,3,2,66.7
حاضر,NOUN,3,3,100.0
پیرو,NOUN,3,3,100.0
پرتو,NOUN,3,2,66.7
فردا,NOUN,3,3,100.0
فرستاده,NOUN,3,3,100.0
مقررات,NOUN,3,3,100.0
مقوا,NOUN,3,3,100.0
مقوله,NOUN,3,3,100.0
صفا,NOUN,3,2,66.7
پدیده,NOUN,3,2,66.7
شیخ,PROPN,3,3,100.0
جواهر,NOUN,3,3,100.0
جنون,NOUN,3,3,100.0
مسافت,NOUN,3,3,100.0
مستند,NOUN,3,3,100.0
امت,NOUN,3,3,100.0
قاشق,NOUN,3,3,100.0
چاپ,NOUN,3,3,100.0
افغانستان,PROPN,3,3,100.0
اعصاب,NOUN,3,3,100.0
چشم‌زخم,NOUN,3,0,0.0
ایجاد,NOUN,3,3,100.0
تکنیک,NOUN,3,3,100.0
فرشته,NOUN,3,2,66.7
رأس,NOUN,3,1,33.3
دیوان,NOUN,3,3,100.0
فتنه,NOUN,3,0,0.0
مملکت,NOUN,3,3,100.0
من,NOUN,3,0,0.0
ضعف,NOUN,3,3,100.0
طاقت,NOUN,3,2,66.7
زیر,NOUN,3,3,100.0
حزب,PROPN,3,3,100.0
حجاب,NOUN,3,2,66.7
حجت,NOUN,3,2,66.7
زیربنا,NOUN,3,3,100.0
صوت,NOUN,3,3,100.0
صف,NOUN,3,3,100.0
منافات,NOUN,3,0,0.0
منشور,NOUN,3,3,100.0
تورات,PROPN,3,2,66.7
سوم,NOUN,3,2,66.7
بازگشت,NOUN,3,3,100.0
مربی,NOUN,3,1,33.3
قبض,NOUN,3,3,100.0
قتل,NOUN,3,3,100.0
قاتل,NOUN,3,2,66.7
قارچ,NOUN,3,2,66.7
مخالفت,NOUN,3,2,66.7
حسنه,NOUN,3,1,33.3
مدال,NOUN,3,0,0.0
حسین,PROPN,3,3,100.0
افسر,NOUN,3,3,100.0
طعمه,NOUN,3,1,33.3
طفل,NOUN,3,3,100.0
طلا,NOUN,3,3,100.0
ضرورت,NOUN,3,3,100.0
ذره,NOUN,3,3,100.0
ذلت,NOUN,3,3,100.0
تهدید,NOUN,3,2,66.7
تهران,PROPN,3,3,100.0
سرزمین,NOUN,3,3,100.0
شکم,NOUN,3,3,100.0
حریم,NOUN,3,3,100.0
تمبر,NOUN,3,0,0.0
تمرکز,NOUN,3,2,66.7
موافقت,NOUN,3,3,100.0
بخار,NOUN,3,3,100.0
طرز,NOUN,3,3,100.0
منظور,NOUN,3,2,66.7
تنظیم,NOUN,3,3,100.0
فاتحه,NOUN,3,0,0.0
ویدئو,NOUN,3,2,66.7
پاچه,NOUN,3,3,100.0
آیینه,NOUN,3,3,100.0
ابتلا,NOUN,3,0,0.0
کوشش,NOUN,3,1,33.3
کابینه,NOUN,3,3,100.0
قایق,NOUN,3,3,100.0
مخالف,NOUN,3,3,100.0
کاسه,NOUN,3,1,33.3
کافر,NOUN,3,3,100.0
محکوم,NOUN,3,3,100.0
حیات,NOUN,3,2,66.7
اصالت,NOUN,3,1,33.3
چهارچوب,NOUN,3,1,33.3
شکنجه,NOUN,3,3,100.0
سرتاسر,NOUN,3,3,100.0
حکایت,NOUN,3,2,66.7
دلبستگی,NOUN,3,1,33.3
قامت,NOUN,3,1,33.3
کابوس,NOUN,3,0,0.0
ربط,NOUN,3,0,0.0
غرور,NOUN,3,1,33.3
تماشاگر,NOUN,3,3,100.0
تمایز,NOUN,3,1,33.3
شاعر,NOUN,3,3,100.0
سکس,NOUN,3,2,66.7
سکنی,NOUN,3,0,0.0
کارخانه,NOUN,3,3,100.0
اشتهار,NOUN,3,0,0.0
کابل,NOUN,3,2,66.7
بانک,PROPN,3,2,66.7
بانگ,NOUN,3,2,66.7
گرسنگی,NOUN,3,3,100.0
آموزش,NOUN,3,3,100.0
آموزه,NOUN,3,3,100.0
آمپول,NOUN,3,0,0.0
آنزیم,NOUN,3,3,100.0
گرگ,NOUN,3,3,100.0
ورقه,NOUN,3,3,100.0
ورود,NOUN,3,3,100.0
عیب,NOUN,3,1,33.3
رخ,NOUN,3,1,33.3
راهبرد,NOUN,3,3,100.0
بد,NOUN,3,0,0.0
طلب,NOUN,3,2,66.7
طلسم,NOUN,3,3,100.0
وزارتخانه,NOUN,3,3,100.0
واهمه,NOUN,3,0,0.0
وضع,NOUN,3,2,66.7
تعلق,NOUN,3,0,0.0
موش,NOUN,3,1,33.3
مکتب,NOUN,3,2,66.7
غصه,NOUN,3,1,33.3
قرض,NOUN,3,3,100.0
گفتار,NOUN,3,3,100.0
گره,NOUN,3,2,66.7
مثال,NOUN,3,1,33.3
خروج,NOUN,3,3,100.0
دستمال,NOUN,3,2,66.7
دستورالعمل,NOUN,3,3,100.0
درهم,NOUN,3,0,0.0
مجوز,NOUN,3,1,33.3
متهم,NOUN,3,3,100.0
محتوی,NOUN,3,3,100.0
قدمت,NOUN,3,1,33.3
کاربر,NOUN,3,3,100.0
شورا,NOUN,3,2,66.7
شورش,NOUN,3,3,100.0
سروده,NOUN,3,2,66.7
سرویس,NOUN,3,2,66.7
شهرت,NOUN,3,0,0.0
عیار,NOUN,3,3,100.0
درک,NOUN,3,1,33.3
درگیری,NOUN,3,0,0.0
کانال,NOUN,3,2,66.7
کاروان,NOUN,3,2,66.7
میخ,NOUN,3,2,66.7
میدان,PROPN,3,2,66.7
نارضایتی,NOUN,3,2,66.7
میراث,NOUN,3,3,100.0
تظاهرات,NOUN,3,3,100.0
واردات,NOUN,3,3,100.0
روسری,NOUN,3,3,100.0
زاویه,NOUN,3,2,66.7
بدهکار,NOUN,3,3,100.0
سعادت,PROPN,3,2,66.7
سفارت,NOUN,3,3,100.0
سفارتخانه,NOUN,3,1,33.3
کشاورز,NOUN,3,3,100.0
کدام,NOUN,3,2,66.7
میله,NOUN,3,3,100.0
عملیات,NOUN,3,3,100.0
رسول,PROPN,3,3,100.0
رجیستری,NOUN,3,3,100.0
رحمت,NOUN,3,2,66.7
عوارض,NOUN,3,3,100.0
نامزد,NOUN,3,3,100.0
ناموس,NOUN,3,0,0.0
بررسی,NOUN,3,2,66.7
اذان,NOUN,3,2,66.7
کباب,NOUN,3,2,66.7
خطبه,NOUN,3,3,100.0
ماهیت,NOUN,3,2,66.7
قصیده,NOUN,3,0,0.0
سلطنت,NOUN,3,3,100.0
ارادت,NOUN,3,1,33.3
مایه,NOUN,3,3,100.0
و,CCONJ,3,2,66.7
ناهار,NOUN,3,1,33.3
ناراحتی,NOUN,3,1,33.3
هیأت,NOUN,3,3,100.0
همگان,NOUN,3,3,100.0
بسیجی,NOUN,3,2,66.7
بشکه,NOUN,3,2,66.7
خمس,NOUN,3,2,66.7
مالکیت,NOUN,3,3,100.0
کتابخانه,NOUN,3,2,66.7
کتیبه,NOUN,3,3,100.0
استاندارد,NOUN,3,3,100.0
کره,NOUN,3,1,33.3
کشف,NOUN,3,3,100.0
سری,NOUN,3,2,66.7
سمت,NOUN,3,2,66.7
خلاصه,NOUN,3,3,100.0
ماسک,NOUN,3,1,33.3
برگه,NOUN,3,2,66.7
رفت,NOUN,3,2,66.7
رساله,NOUN,3,2,66.7
رسانه,NOUN,3,3,100.0
همگی,NOUN,3,3,100.0
هوادار,NOUN,3,3,100.0
عدالت,NOUN,3,2,66.7
عذر,NOUN,3,2,66.7
قلمه,NOUN,3,3,100.0
ماژیک,PROPN,3,3,100.0
سلسله,NOUN,3,3,100.0
لیتر,NOUN,3,2,66.7
سناریو,NOUN,3,2,66.7
شفا,NOUN,3,2,66.7
کمی,NOUN,3,3,100.0
تدبیر,NOUN,3,2,66.7
تذکر,NOUN,3,1,33.3
نسبت,NOUN,3,1,33.3
تحصیلات,NOUN,3,3,100.0
تحکیم,NOUN,3,0,0.0
هدایت,NOUN,3,3,100.0
عرض,NOUN,3,1,33.3
عرق,NOUN,3,1,33.3
احترام,NOUN,3,2,66.7
لیوان,PROPN,3,3,100.0
مؤسسه,NOUN,3,3,100.0
اداره,NOUN,3,3,100.0
نغمه,NOUN,3,1,33.3
عضله,NOUN,3,2,66.7
هارد,NOUN,3,3,100.0
بیعت,NOUN,3,2,66.7
عباس,PROPN,3,3,100.0
رونویس,NOUN,3,3,100.0
بسم,NOUN,3,3,100.0
عظمت,NOUN,3,3,100.0
رقم,NOUN,3,3,100.0
بها,NOUN,3,3,100.0
بهار,NOUN,3,2,66.7
بهترین,NOUN,3,3,100.0
قطار,NOUN,3,3,100.0
خوردن,NOUN,3,3,100.0
خویش,PRON,3,3,100.0
لیاقت,NOUN,3,3,100.0
آرام,NOUN,3,0,0.0
یوم,NOUN,3,3,100.0
سی‌دی,NOUN,3,1,33.3
یک,NUM,3,1,33.3
دارایی,NOUN,3,3,100.0
دامن,NOUN,3,1,33.3
شاهد,NOUN,3,1,33.3
لغت,NOUN,3,3,100.0
لفظ,NOUN,3,3,100.0
لقمه,NOUN,3,2,66.7
لنز,NOUN,3,3,100.0
لنگ,NOUN,3,1,33.3
اتمام,NOUN,3,0,0.0
اتومبیل,NOUN,3,2,66.7
ابرقدرت,NOUN,3,3,100.0
عزیز,NOUN,3,2,66.7
سالن,NOUN,3,2,66.7
ساخت,NOUN,3,3,100.0
کنج,NOUN,3,2,66.7
شفاعت,NOUN,3,2,66.7
شقیقه,NOUN,3,3,100.0
سه,NOUN,3,3,100.0
فهم,NOUN,3,3,100.0
دکتر,PROPN,3,3,100.0
دکمه,NOUN,3,3,100.0
فساد,NOUN,3,3,100.0
مصوبه,NOUN,3,2,66.7
جمعیت,NOUN,3,2,66.7
آستین,NOUN,3,3,100.0
آدامس,PROPN,3,2,66.7
یادداشت,NOUN,3,1,33.3
گیسو,NOUN,3,3,100.0
شاخ,NOUN,2,1,50.0
آداب,NOUN,2,2,100.0
گوی,NOUN,2,2,100.0
سیما,NOUN,2,2,100.0
آئین,NOUN,2,1,50.0
سواد,NOUN,2,0,0.0
سپر,NOUN,2,2,100.0
شدت,NOUN,2,0,0.0
گرمایش,NOUN,2,2,100.0
گرما,NOUN,2,2,100.0
گلاب,NOUN,2,1,50.0
گفتگو,NOUN,2,2,100.0
گفته,NOUN,2,2,100.0
گفتمان,NOUN,2,2,100.0
آغاز,NOUN,2,2,100.0
آمبولانس,NOUN,2,1,50.0
آلیاژ,NOUN,2,2,100.0
گربه,NOUN,2,1,50.0
گروگان,NOUN,2,2,100.0
آلبوم,NOUN,2,1,50.0
آگهی,NOUN,2,0,0.0
قرینه,NOUN,2,1,50.0
درست,NOUN,2,2,100.0
قلمرو,NOUN,2,2,100.0
قفسه,NOUN,2,2,100.0
قطع‌نامه,NOUN,2,1,50.0
لیمو,NOUN,2,2,100.0
ماساژ,NOUN,2,1,50.0
مارک,NOUN,2,2,100.0
خوابگاه,NOUN,2,2,100.0
مابقی,NOUN,2,2,100.0
مانتو,NOUN,2,2,100.0
لوح,NOUN,2,1,50.0
لوبیا,NOUN,2,2,100.0
مأوا,NOUN,2,1,50.0
لیگ,NOUN,2,2,100.0
لپه,NOUN,2,2,100.0
خرما,NOUN,2,1,50.0
خرد,NOUN,2,2,100.0
مبارک,NOUN,2,2,100.0
مبارزه,NOUN,2,2,100.0
مبارز,NOUN,2,1,50.0
مثلث,NOUN,2,1,50.0
قصر,NOUN,2,1,50.0
قشر,NOUN,2,2,100.0
قسم,NOUN,2,0,0.0
قسط,NOUN,2,1,50.0
ماهواره,NOUN,2,1,50.0
خرافه,NOUN,2,2,100.0
مانع,NOUN,2,2,100.0
مالیات,NOUN,2,1,50.0
خم,NOUN,2,1,50.0
ماژول,NOUN,2,2,100.0
خدمتکار,NOUN,2,2,100.0
خدشه,NOUN,2,0,0.0
محاکمه,NOUN,2,1,50.0
محافظ,NOUN,2,2,100.0
دروازه‌بان,NOUN,2,2,100.0
دستکش,NOUN,2,1,50.0
درد,PROPN,2,1,50.0
دریچه,NOUN,2,1,50.0
دریاچه,PROPN,2,2,100.0
دریاچه,NOUN,2,2,100.0
مبالغ,NOUN,2,1,50.0
خاکستر,NOUN,2,0,0.0
خریدار,NOUN,2,1,50.0
خرید,NOUN,2,2,100.0
خرگوش,NOUN,2,1,50.0
خروس,NOUN,2,2,100.0
دفترچه,NOUN,2,1,50.0
دفاع,NOUN,2,1,50.0
دعوی,NOUN,2,1,50.0
دعوت,NOUN,2,1,50.0
دشواری,NOUN,2,1,50.0
قرآن,NOUN,2,2,100.0
مجموع,NOUN,2,2,100.0
مجسمه,NOUN,2,1,50.0
خاموشی,NOUN,2,1,50.0
خامه,NOUN,2,2,100.0
خالق,NOUN,2,1,50.0
مجال,NOUN,2,2,100.0
محدوده,NOUN,2,2,100.0
متوسط,NOUN,2,2,100.0
خال,NOUN,2,1,50.0
خاطر,NOUN,2,1,50.0
حلالیت,NOUN,2,0,0.0
قالیچه,NOUN,2,1,50.0
دشت,NOUN,2,2,100.0
دماغ,NOUN,2,2,100.0
دمار,NOUN,2,0,0.0
دستاورد,NOUN,2,2,100.0
دزد,NOUN,2,2,100.0
محمود,PROPN,2,2,100.0
حواس,NOUN,2,2,100.0
حنجره,NOUN,2,2,100.0
محله,NOUN,2,2,100.0
خاصیت,NOUN,2,0,0.0
خادم,NOUN,2,1,50.0
حیا,NOUN,2,2,100.0
حکومت,PROPN,2,2,100.0
محور,NOUN,2,2,100.0
مریض,NOUN,2,2,100.0
مرکب,NOUN,2,1,50.0
مرهم,PROPN,2,0,0.0
مرهم,NOUN,2,0,0.0
مرض,NOUN,2,2,100.0
دنده,NOUN,2,2,100.0
قبا,NOUN,2,1,50.0
حج,NOUN,2,1,50.0
حساسیت,NOUN,2,2,100.0
جوی,NOUN,2,1,50.0
مدل,NOUN,2,2,100.0
مرحوم,PROPN,2,2,100.0
مداد,NOUN,2,1,50.0
مداحی,NOUN,2,2,100.0
حسن,PROPN,2,2,100.0
حمام,NOUN,2,1,50.0
جنین,NOUN,2,2,100.0
جنگنده,NOUN,2,2,100.0
جلا,NOUN,2,0,0.0
فلسطینی,NOUN,2,2,100.0
فلس,NOUN,2,2,100.0
فیش,NOUN,2,2,100.0
دوری,NOUN,2,1,50.0
دودمان,NOUN,2,2,100.0
قالب,NOUN,2,2,100.0
قاطر,NOUN,2,2,100.0
مسافرت,NOUN,2,1,50.0
جوانی,NOUN,2,2,100.0
حاکم,NOUN,2,1,50.0
حداقل,NOUN,2,2,100.0
مراوده,NOUN,2,0,0.0
مراقبت,NOUN,2,1,50.0
جمعه,NOUN,2,2,100.0
جمال,NOUN,2,2,100.0
جماعت,NOUN,2,2,100.0
مضایقه,NOUN,2,0,0.0
مصیبت,NOUN,2,2,100.0
فصل,NOUN,2,1,50.0
دکان,NOUN,2,2,100.0
دوچرخه,NOUN,2,2,100.0
جمهوری,PROPN,2,1,50.0
مصاحبه,NOUN,2,0,0.0
مشک,NOUN,2,2,100.0
مشورت,NOUN,2,0,0.0
مشام,NOUN,2,1,50.0
مسکن,NOUN,2,2,100.0
مسواک,NOUN,2,2,100.0
جهان‌بینی,NOUN,2,2,100.0
فرماندهی,NOUN,2,2,100.0
فرمانده,NOUN,2,2,100.0
دوغ,NOUN,2,0,0.0
دوستی,NOUN,2,1,50.0
دیتا,NOUN,2,2,100.0
معامله,NOUN,2,1,50.0
جذابیت,NOUN,2,0,0.0
جدول,NOUN,2,2,100.0
جبهه,NOUN,2,2,100.0
معلومات,NOUN,2,1,50.0
مصلحت,NOUN,2,2,100.0
جایزه,PROPN,2,2,100.0
جزوه,NOUN,2,2,100.0
جزئیات,NOUN,2,2,100.0
مصدوم,NOUN,2,2,100.0
جریمه,NOUN,2,2,100.0
ذائقه,NOUN,2,2,100.0
فرایند,NOUN,2,2,100.0
فروشگاه,NOUN,2,2,100.0
فروش,NOUN,2,0,0.0
فرود,NOUN,2,2,100.0
مفسده,NOUN,2,0,0.0
مفر,NOUN,2,1,50.0
مفاد,NOUN,2,2,100.0
تپه,NOUN,2,2,100.0
جادو,NOUN,2,2,100.0
تیوپ,NOUN,2,1,50.0
تیشه,NOUN,2,1,50.0
معضل,NOUN,2,2,100.0
معده,NOUN,2,2,100.0
جانماز,NOUN,2,1,50.0
جان,PROPN,2,2,100.0
تومور,NOUN,2,2,100.0
مقاومت,NOUN,2,2,100.0
ملی‌گرایی,NOUN,2,2,100.0
فخر,NOUN,2,0,0.0
دیپلمات,NOUN,2,1,50.0
ذکر,NOUN,2,2,100.0
فرق,NOUN,2,0,0.0
فرض,NOUN,2,1,50.0
تک‌الکترون,NOUN,2,2,100.0
تکبیر,NOUN,2,0,0.0
مغازه,NOUN,2,2,100.0
مقطع,NOUN,2,2,100.0
مقصود,NOUN,2,2,100.0
مقر,NOUN,2,2,100.0
مقدمه,NOUN,2,2,100.0
مقداری,NOUN,2,2,100.0
مهربانی,NOUN,2,1,50.0
مهاجم,NOUN,2,2,100.0
غنچه,NOUN,2,2,100.0
راننده,NOUN,2,2,100.0
راست,NOUN,2,0,0.0
فراز,NOUN,2,2,100.0
فرار,NOUN,2,2,100.0
فرآیند,NOUN,2,1,50.0
ملکوت,NOUN,2,2,100.0
تور,NOUN,2,2,100.0
توجیه,NOUN,2,1,50.0
منطق,NOUN,2,2,100.0
منجنیق,NOUN,2,1,50.0
توهین,NOUN,2,2,100.0
توهم,NOUN,2,2,100.0
تونل,NOUN,2,0,0.0
موضوعیت,NOUN,2,0,0.0
غروب,NOUN,2,2,100.0
رئیس‌جمهور,NOUN,2,2,100.0
غبغب,NOUN,2,0,0.0
فاجعه,NOUN,2,0,0.0
غیر,NOUN,2,2,100.0
غیبت,NOUN,2,2,100.0
غوغا,NOUN,2,0,0.0
تلقی,NOUN,2,1,50.0
تنور,NOUN,2,2,100.0
تنفر,NOUN,2,2,100.0
تندیس,NOUN,2,1,50.0
تنبور,NOUN,2,2,100.0
تمکن,NOUN,2,0,0.0
موافقت‌نامه,NOUN,2,2,100.0
تواضع,NOUN,2,0,0.0
تعاونی,NOUN,2,2,100.0
تعامل,NOUN,2,0,0.0
ردیف,NOUN,2,2,100.0
رده,NOUN,2,2,100.0
رد,NOUN,2,2,100.0
تفسیر,NOUN,2,2,100.0
تفریح,NOUN,2,2,100.0
تفرقه,NOUN,2,0,0.0
تفاهم‌نامه,NOUN,2,0,0.0
تفاهم,NOUN,2,2,100.0
موضع‌گیری,NOUN,2,1,50.0
تعلیم,NOUN,2,1,50.0
تقدم,NOUN,2,0,0.0
تقارن,NOUN,2,0,0.0
مواجب,NOUN,2,1,50.0
مهندس,NOUN,2,2,100.0
ناو,NOUN,2,1,50.0
عوض,NOUN,2,1,50.0
عمومیت,NOUN,2,0,0.0
رسیدگی,NOUN,2,2,100.0
رسوایی,NOUN,2,1,50.0
مکه,PROPN,2,2,100.0
تروریست,NOUN,2,1,50.0
تصدیق,NOUN,2,0,0.0
تشکیلات,NOUN,2,2,100.0
نارنجک,NOUN,2,1,50.0
موی,NOUN,2,2,100.0
موهبت,NOUN,2,2,100.0
موقوفه,NOUN,2,2,100.0
تشک,NOUN,2,1,50.0
تعریف,NOUN,2,0,0.0
تعرفه,NOUN,2,2,100.0
نزاع,NOUN,2,0,0.0
نرم‌افزار,NOUN,2,1,50.0
ترافیک,NOUN,2,2,100.0
تخم‌مرغ,NOUN,2,0,0.0
علو,NOUN,2,2,100.0
رفاقت,NOUN,2,2,100.0
رغبت,NOUN,2,0,0.0
رطوبت,NOUN,2,2,100.0
ناظر,NOUN,2,2,100.0
تخلف,NOUN,2,2,100.0
تخصص,NOUN,2,0,0.0
ترقه,NOUN,2,0,0.0
ترتیب,NOUN,2,2,100.0
ناحیه,NOUN,2,1,50.0
ترک,NOUN,2,1,50.0
نا,NOUN,2,0,0.0
تب,NOUN,2,0,0.0
تاکسی,NOUN,2,0,0.0
نقد,NOUN,2,2,100.0
نفع,NOUN,2,1,50.0
رقیب,NOUN,2,1,50.0
رقص,NOUN,2,0,0.0
عفو,NOUN,2,2,100.0
عطش,NOUN,2,2,100.0
عمر,PROPN,2,2,100.0
عمده,NOUN,2,2,100.0
عمارت,NOUN,2,1,50.0
تخریب,NOUN,2,2,100.0
تحقیر,NOUN,2,2,100.0
تحصیل,NOUN,2,2,100.0
تجمع,NOUN,2,2,100.0
نسیم,PROPN,2,1,50.0
عقلانیت,NOUN,2,2,100.0
عقب‌ماندگی,NOUN,2,2,100.0
عفونت,NOUN,2,2,100.0
رفیق,NOUN,2,1,50.0
روان,NOUN,2,2,100.0
رهگذر,NOUN,2,2,100.0
رهبری,NOUN,2,2,100.0
نقص,NOUN,2,2,100.0
نقره,NOUN,2,1,50.0
تاج,NOUN,2,0,0.0
تابوت,NOUN,2,2,100.0
تابش,NOUN,2,2,100.0
نمایشگاه,NOUN,2,2,100.0
نمایشنامه,NOUN,2,1,50.0
تجارت,NOUN,2,2,100.0
تبعه,NOUN,2,2,100.0
نگرش,NOUN,2,2,100.0
بک‌آپ,NOUN,2,2,100.0
بوم,NOUN,2,1,50.0
هجمه,NOUN,2,0,0.0
نیم‌نگاه,NOUN,2,0,0.0
عصاره,NOUN,2,1,50.0
بیل,NOUN,2,1,50.0
بیش,ADJ,2,2,100.0
بیرون,NOUN,2,2,100.0
بیداری,NOUN,2,2,100.0
بیت‌المال,NOUN,2,2,100.0
نوجوان,NOUN,2,2,100.0
نوار,NOUN,2,2,100.0
بیکاری,NOUN,2,2,100.0
بینش,NOUN,2,1,50.0
نوشتار,NOUN,2,2,100.0
روغن,NOUN,2,1,50.0
روضه,NOUN,2,1,50.0
روشنفکر,NOUN,2,2,100.0
روشنایی,NOUN,2,2,100.0
عبادت,NOUN,2,2,100.0
عرضه,NOUN,2,2,100.0
هلیکوپتر,NOUN,2,0,0.0
بن,PROPN,2,2,100.0
همسایه,NOUN,2,2,100.0
همراهی,NOUN,2,2,100.0
بلیط,NOUN,2,2,100.0
بلیت,NOUN,2,2,100.0
به,ADJ,2,2,100.0
هستی,NOUN,2,2,100.0
هسته,NOUN,2,2,100.0
نیازمندی,NOUN,2,2,100.0
همگرایی,NOUN,2,1,50.0
هیکل,PROPN,2,2,100.0
هیزم,NOUN,2,1,50.0
رکود,NOUN,2,2,100.0
رکن,NOUN,2,2,100.0
رکاب,NOUN,2,0,0.0
رژیم,PROPN,2,2,100.0
رویکرد,NOUN,2,1,50.0
عبودیت,NOUN,2,0,0.0
همبازی,NOUN,2,0,0.0
هنگام,NOUN,2,2,100.0
هنرمند,NOUN,2,2,100.0
هندسه,NOUN,2,2,100.0
بلندی,NOUN,2,1,50.0
بلاگفا,NOUN,2,2,100.0
بلا,NOUN,2,1,50.0
برتری,NOUN,2,0,0.0
باکتری,NOUN,2,2,100.0
ظهور,NOUN,2,2,100.0
رویداد,NOUN,2,2,100.0
رییس,NOUN,2,2,100.0
رگه,NOUN,2,1,50.0
برهنگی,NOUN,2,2,100.0
برش,NOUN,2,2,100.0
وابستگی,NOUN,2,1,50.0
بزرگ,NOUN,2,2,100.0
هوشیاری,NOUN,2,2,100.0
هورمون,NOUN,2,0,0.0
والد,NOUN,2,2,100.0
بعد,NOUN,2,1,50.0
بطلان,NOUN,2,2,100.0
بطری,NOUN,2,1,50.0
بدخواه,NOUN,2,1,50.0
بدترین,NOUN,2,2,100.0
وزارت,PROPN,2,2,100.0
وداع,NOUN,2,1,50.0
طومار,NOUN,2,1,50.0
طمع,NOUN,2,0,0.0
ریسمان,NOUN,2,2,100.0
زد,VERB,2,0,0.0
زجر,NOUN,2,0,0.0
طلوع,NOUN,2,2,100.0
وجدان,NOUN,2,2,100.0
برداشت,NOUN,2,2,100.0
برد,NOUN,2,2,100.0
برخورد,NOUN,2,0,0.0
برج,PROPN,2,2,100.0
برج,NOUN,2,1,50.0
وزنه,NOUN,2,2,100.0
ویروس,NOUN,2,2,100.0
ویرانی,NOUN,2,1,50.0
بازوبند,NOUN,2,2,100.0
ولع,NOUN,2,1,50.0
طراحی,NOUN,2,2,100.0
زنجیر,NOUN,2,1,50.0
زمین,PROPN,2,2,100.0
زمزمه,NOUN,2,2,100.0
ظرفیت,NOUN,2,2,100.0
بخت,NOUN,2,2,100.0
بحرین,PROPN,2,2,100.0
وحی,NOUN,2,1,50.0
وقوع,NOUN,2,2,100.0
بدنه,NOUN,2,2,100.0
بدعت,NOUN,2,0,0.0
بادمجان,NOUN,2,1,50.0
اکثریت,NOUN,2,2,100.0
زره,NOUN,2,2,100.0
زیارتنامه,NOUN,2,2,100.0
زیارت,NOUN,2,2,100.0
زوج,NOUN,2,2,100.0
زهر,NOUN,2,1,50.0
زندگی‌نامه,NOUN,2,2,100.0
پادگان,NOUN,2,1,50.0
بادام,NOUN,2,2,100.0
باغ,NOUN,2,0,0.0
باطن,NOUN,2,2,100.0
بازیگری,NOUN,2,2,100.0
بازیگر,NOUN,2,2,100.0
وصله,NOUN,2,2,100.0
وسعت,NOUN,2,2,100.0
ایوان,NOUN,2,2,100.0
اینجا,NOUN,2,2,100.0
پدال,NOUN,2,2,100.0
پایین,NOUN,2,2,100.0
صهیونیسم,NOUN,2,2,100.0
زندگانی,NOUN,2,1,50.0
زنده,NOUN,2,2,100.0
صنعت,NOUN,2,2,100.0
طالبان,PROPN,2,2,100.0
پالت,NOUN,2,2,100.0
پالایشگاه,NOUN,2,0,0.0
پاس,NOUN,2,0,0.0
پاریس,PROPN,2,2,100.0
بازدهی,NOUN,2,2,100.0
بازده,NOUN,2,1,50.0
بازتاب,NOUN,2,1,50.0
پشتوانه,NOUN,2,2,100.0
سازمان,NOUN,2,1,50.0
سارق,NOUN,2,2,100.0
صبحانه,NOUN,2,0,0.0
صلیب,NOUN,2,1,50.0
صلوات,NOUN,2,1,50.0
پرداخت,NOUN,2,2,100.0
اوج,NOUN,2,1,50.0
اوباما,PROPN,2,2,100.0
پاکت,NOUN,2,1,50.0
پرهیز,NOUN,2,2,100.0
پره,NOUN,2,2,100.0
پرنده,NOUN,2,1,50.0
پرش,NOUN,2,1,50.0
پرسپولیس,PROPN,2,2,100.0
باخت,NOUN,2,1,50.0
صحن,NOUN,2,1,50.0
ساندویچ,PROPN,2,1,50.0
سانتریفیوژ,NOUN,2,0,0.0
سامانه,NOUN,2,2,100.0
پسورد,NOUN,2,2,100.0
پستان,NOUN,2,1,50.0
پنبه,NOUN,2,1,50.0
پناه,NOUN,2,0,0.0
اندوخته,NOUN,2,1,50.0
اهرم,NOUN,2,2,100.0
اهدا,NOUN,2,1,50.0
انگور,NOUN,2,2,100.0
پروتئین,NOUN,2,2,100.0
پروانه,NOUN,2,2,100.0
پل,PROPN,2,2,100.0
پشتیبانی,NOUN,2,2,100.0
امروز,NOUN,2,2,100.0
پوشش,NOUN,2,2,100.0
شیون,NOUN,2,1,50.0
سبزه,NOUN,2,1,50.0
پوتین,NOUN,2,2,100.0
امیر,PROPN,2,2,100.0
امیر,NOUN,2,2,100.0
امید,PROPN,2,1,50.0
پند,NOUN,2,0,0.0
پنجه,NOUN,2,2,100.0
امپراطوری,NOUN,2,2,100.0
انحطاط,NOUN,2,0,0.0
انجمن,PROPN,2,2,100.0
انجام,NOUN,2,2,100.0
پلو,NOUN,2,1,50.0
پوستر,NOUN,2,2,100.0
ساکن,NOUN,2,2,100.0
سراپا,NOUN,2,2,100.0
سراغ,NOUN,2,2,100.0
سخنرانی,NOUN,2,1,50.0
سختی,NOUN,2,1,50.0
صادرات,NOUN,2,2,100.0
پیرامون,NOUN,2,2,100.0
پیدایش,NOUN,2,0,0.0
الماس,NOUN,2,2,100.0
پیامد,NOUN,2,1,50.0
پیچ,NOUN,2,1,50.0
پیمانکار,NOUN,2,2,100.0
پوند,NOUN,2,0,0.0
التهاب,NOUN,2,1,50.0
التماس,NOUN,2,0,0.0
امریکایی,NOUN,2,2,100.0
اعتنا,NOUN,2,0,0.0
شکلات,NOUN,2,1,50.0
شکاف,NOUN,2,2,100.0
شکار,NOUN,2,2,100.0
سحر,NOUN,2,2,100.0
سجده,NOUN,2,1,50.0
چانه,NOUN,2,1,50.0
چارچوب,NOUN,2,2,100.0
اغلب,NOUN,2,2,100.0
چشمه,NOUN,2,2,100.0
پیش‌بینی,NOUN,2,2,100.0
الباقی,PROPN,2,2,100.0
اقتضاء,NOUN,2,1,50.0
افق,NOUN,2,2,100.0
پیشانی,NOUN,2,1,50.0
پیش,NOUN,2,2,100.0
کارتون,NOUN,2,2,100.0
کاربرد,NOUN,2,0,0.0
شو,NOUN,2,1,50.0
شهید,PROPN,2,2,100.0
سرمربی‌گری,NOUN,2,2,100.0
سرما,NOUN,2,2,100.0
سرطان,NOUN,2,2,100.0
شهریه,NOUN,2,2,100.0
چنین,NOUN,2,0,0.0
اطلاع,NOUN,2,0,0.0
اصطلاح,NOUN,2,2,100.0
اصرار,NOUN,2,0,0.0
چمن,NOUN,2,2,100.0
چمدان,NOUN,2,2,100.0
اعجاب,NOUN,2,1,50.0
اعتیاد,NOUN,2,2,100.0
استفاده,NOUN,2,0,0.0
کاه,NOUN,2,0,0.0
کانی,NOUN,2,1,50.0
شهادت,NOUN,2,0,0.0
شنونده,NOUN,2,2,100.0
سرودن,NOUN,2,2,100.0
شناسنامه,NOUN,2,2,100.0
شوره,NOUN,2,2,100.0
کارایی,NOUN,2,2,100.0
کارآیی,NOUN,2,0,0.0
اسماعیل,PROPN,2,2,100.0
اسراییل,PROPN,2,2,100.0
اشتراک,NOUN,2,0,0.0
اسید,NOUN,2,0,0.0
اسکناس,NOUN,2,2,100.0
کارشناس,NOUN,2,1,50.0
ارز,NOUN,2,1,50.0
اردوگاه,NOUN,2,0,0.0
استحکام,NOUN,2,0,0.0
استاد,NOUN,2,2,100.0
کتک,NOUN,2,0,0.0
کبک,NOUN,2,1,50.0
شمال,PROPN,2,2,100.0
سفارت,PROPN,2,2,100.0
سعادت,NOUN,2,2,100.0
شلنگ,NOUN,2,2,100.0
شهرداری,NOUN,2,2,100.0
کارکرد,NOUN,2,0,0.0
استکبار,NOUN,2,2,100.0
استکان,NOUN,2,2,100.0
استقلال,PROPN,2,1,50.0
استقبال,NOUN,2,0,0.0
کفر,NOUN,2,0,0.0
کفاره,NOUN,2,1,50.0
سلطه,NOUN,2,0,0.0
سلامتی,NOUN,2,2,100.0
شریک,NOUN,2,0,0.0
شنا,NOUN,2,0,0.0
شن,NOUN,2,2,100.0
شمعدانی,NOUN,2,2,100.0
کرد,VERB,2,0,0.0
کراهت,NOUN,2,0,0.0
کرامت,NOUN,2,1,50.0
اروپا,PROPN,2,2,100.0
ارزن,NOUN,2,0,0.0
کد,NOUN,2,1,50.0
کجا,NOUN,2,2,100.0
کامنت,NOUN,2,2,100.0
احمد,PROPN,2,2,100.0
کمیسیون,NOUN,2,1,50.0
شعبه,NOUN,2,2,100.0
سم,NOUN,2,0,0.0
ادامه,NOUN,2,2,100.0
اخطار,NOUN,2,0,0.0
کشته,NOUN,2,0,0.0
کشتزار,NOUN,2,2,100.0
کلکسیون,NOUN,2,1,50.0
اردو,NOUN,2,2,100.0
ارتفاع,NOUN,2,1,50.0
ارتعاش,NOUN,2,1,50.0
ارتش,PROPN,2,2,100.0
ارتش,NOUN,2,1,50.0
ارباب,NOUN,2,2,100.0
کرم,NOUN,2,1,50.0
شرف,NOUN,2,2,100.0
سو,NOUN,2,2,100.0
سنگفرش,NOUN,2,2,100.0
کوتاهی,NOUN,2,2,100.0
کنسول,NOUN,2,2,100.0
اتحادیه,NOUN,2,1,50.0
اتحاد,NOUN,2,1,50.0
ابهام,NOUN,2,0,0.0
کمپ,NOUN,2,1,50.0
ابر,NOUN,2,2,100.0
اجر,NOUN,2,0,0.0
اتکا,NOUN,2,1,50.0
اتوبوس,NOUN,2,2,100.0
اختتام,NOUN,2,0,0.0
احیا,NOUN,2,0,0.0
احوال,NOUN,2,2,100.0
آوا,NOUN,2,1,50.0
کیلو,NOUN,2,1,50.0
کپسول,NOUN,2,2,100.0
کویر,NOUN,2,2,100.0
شبهه,NOUN,2,2,100.0
سوریه,PROPN,2,2,100.0
سوره,NOUN,2,2,100.0
سوراخ,NOUN,2,1,50.0
سوخت,NOUN,2,2,100.0
کنار,NOUN,2,1,50.0
کوله‌بار,NOUN,2,2,100.0
کوزه,NOUN,2,2,100.0
کودکی,NOUN,2,2,100.0
آیین,NOUN,2,2,100.0
آیه,PROPN,2,2,100.0
آمریکایی,NOUN,2,2,100.0
یهودی,NOUN,2,2,100.0
سی‌سی,NOUN,2,0,0.0
سوگند,NOUN,2,1,50.0
سیخ,NOUN,2,1,50.0
سینما,NOUN,2,1,50.0
شاهنامه‌خوانی,NOUN,2,2,100.0
گوشواره,NOUN,2,1,50.0
گواهی,NOUN,2,0,0.0
گهواره,NOUN,2,2,100.0
آبشش,NOUN,2,1,50.0
گنج,NOUN,2,1,50.0
گنبد,NOUN,2,2,100.0
گمان,NOUN,2,0,0.0
آسایش,NOUN,2,2,100.0
آزمایش,NOUN,2,0,0.0
آزادگی,NOUN,2,2,100.0
خنجر,NOUN,2,1,50.0
قند,NOUN,2,2,100.0
قمه,NOUN,2,1,50.0
داد,NOUN,2,0,0.0
لوازم,NOUN,2,0,0.0
لجاجت,NOUN,2,0,0.0
لبیک,NOUN,2,0,0.0
دامان,NOUN,2,2,100.0
خورشید,NOUN,2,2,100.0
دادگاه,NOUN,2,2,100.0
لامپ,NOUN,2,1,50.0
لاستیک,NOUN,2,2,100.0
قیافه,NOUN,2,1,50.0
قوه,NOUN,2,1,50.0
لحن,NOUN,2,1,50.0
یتیم,NOUN,2,2,100.0
2012,NOUN,1,1,100.0
یک‌یک,NOUN,1,1,100.0
%,NOUN,1,1,100.0
آتنی,NOUN,1,1,100.0
آتو,NOUN,1,0,0.0
آجر,NOUN,1,1,100.0
آجیل,NOUN,1,1,100.0
آخ,NOUN,1,0,0.0
یابین,NOUN,1,1,100.0
گوینده,NOUN,1,0,0.0
گچ,NOUN,1,0,0.0
گچ‌بری,NOUN,1,1,100.0
گیس,NOUN,1,1,100.0
گیس,PROPN,1,1,100.0
گیسو,PROPN,1,1,100.0
گیشه,NOUN,1,1,100.0
گیلاس,NOUN,1,1,100.0
گیمزکام,NOUN,1,1,100.0
یأس,NOUN,1,1,100.0
سیره,NOUN,1,1,100.0
سیروس,PROPN,1,1,100.0
سیرک,NOUN,1,1,100.0
سیستم‌عامل,NOUN,1,1,100.0
سیطره,NOUN,1,0,0.0
سیفون,PROPN,1,1,100.0
سیلندر,NOUN,1,1,100.0
سیلو,NOUN,1,1,100.0
سیلی,NOUN,1,0,0.0
سیم‌کارت,NOUN,1,1,100.0
سیم‌کشی,NOUN,1,0,0.0
سیادت,NOUN,1,1,100.0
5شنبه,NOUN,1,1,100.0
90%,NOUN,1,1,100.0
CSS,PROPN,1,1,100.0
Explorer8,PROPN,1,1,100.0
سیاهه,NOUN,1,0,0.0
سیاهی,NOUN,1,1,100.0
سیاه‌دانه,NOUN,1,1,100.0
سیاه‌روزی,NOUN,1,0,0.0
سیاوش,PROPN,1,1,100.0
سیبل,NOUN,1,1,100.0
سیب‌زمینی,NOUN,1,1,100.0
سید,NOUN,1,1,100.0
سویا,PROPN,1,1,100.0
سیگار,PROPN,1,1,100.0
شاتوت,NOUN,1,1,100.0
شادابی,PROPN,1,1,100.0
شادباش,PROPN,1,0,0.0
شادمانی,NOUN,1,1,100.0
شادکامی,NOUN,1,0,0.0
سید,PROPN,1,1,100.0
سکان,NOUN,1,1,100.0
سکان,PROPN,1,1,100.0
سکنا,NOUN,1,0,0.0
سکونت,NOUN,1,0,0.0
سوءقصد,NOUN,1,0,0.0
سوئیس,PROPN,1,1,100.0
شاعره,NOUN,1,0,0.0
شالی,NOUN,1,1,100.0
شاملو,PROPN,1,1,100.0
شامپاین,PROPN,1,0,0.0
شاهکار,NOUN,1,1,100.0
شاهین,NOUN,1,1,100.0
سینماگر,NOUN,1,1,100.0
سیاستمدار,NOUN,1,1,100.0
سیال,NOUN,1,1,100.0
سیامک,PROPN,1,1,100.0
شرکت,PROPN,1,1,100.0
شایسته‌سالاری,NOUN,1,1,100.0
سوار,NOUN,1,1,100.0
سوختن,NOUN,1,1,100.0
سورت,NOUN,1,1,100.0
سوژه,NOUN,1,1,100.0
سوگ,NOUN,1,0,0.0
سنگر,NOUN,1,1,100.0
سنگریزه,NOUN,1,0,0.0
شبانه‌روز,NOUN,1,0,0.0
شبستان,NOUN,1,0,0.0
شبیه,NOUN,1,0,0.0
شخم,NOUN,1,0,0.0
شاعرانگی,NOUN,1,0,0.0
سپاهی,NOUN,1,0,0.0
سپیده‌دم,NOUN,1,1,100.0
سنگ‌دانه,NOUN,1,1,100.0
سه,NUM,1,0,0.0
سهره,NOUN,1,1,100.0
سهمیه,NOUN,1,1,100.0
سه‌تار,NOUN,1,0,0.0
سه‌شاخه,NOUN,1,1,100.0
سوء,NOUN,1,1,100.0
سوءظن,NOUN,1,0,0.0
سلک,NOUN,1,0,0.0
سلیمان,PROPN,1,1,100.0
شرار,NOUN,1,0,0.0
شراره,NOUN,1,1,100.0
شرح,NOUN,1,1,100.0
شرع,NOUN,1,1,100.0
شرم,NOUN,1,0,0.0
شروع,NOUN,1,1,100.0
سماق,NOUN,1,0,0.0
سمسار,NOUN,1,1,100.0
سمنان,PROPN,1,1,100.0
سمند,NOUN,1,1,100.0
سمپاش,NOUN,1,1,100.0
سناریو,PROPN,1,1,100.0
سنجاب,NOUN,1,1,100.0
سفارشاتی,NOUN,1,0,0.0
سفالینه,NOUN,1,1,100.0
شست,VERB,1,0,0.0
شعری,NOUN,1,0,0.0
شفت,NOUN,1,1,100.0
شق‌درد,NOUN,1,1,100.0
شلاق,NOUN,1,0,0.0
شر,NOUN,1,0,0.0
سنگینی,NOUN,1,1,100.0
سزا,NOUN,1,0,0.0
سزارین,NOUN,1,0,0.0
سس,NOUN,1,1,100.0
سعدی‌نامه,NOUN,1,1,100.0
سعید,PROPN,1,1,100.0
سرنیزه,NOUN,1,0,0.0
سره,NOUN,1,1,100.0
سرهنگ,PROPN,1,1,100.0
شم,NOUN,1,0,0.0
شمر,NOUN,1,1,100.0
شمش,NOUN,1,1,100.0
شمشال,NOUN,1,1,100.0
شریعت,NOUN,1,1,100.0
شست,NOUN,1,1,100.0
سلجوقی,PROPN,1,1,100.0
سرگیجه,NOUN,1,0,0.0
سرکه,NOUN,1,1,100.0
سرکوبی,NOUN,1,1,100.0
سرگذشت,NOUN,1,0,0.0
سرگردانی,NOUN,1,1,100.0
سرگرمی,NOUN,1,0,0.0
سرشاخه,NOUN,1,1,100.0
سرشت,NOUN,1,1,100.0
سرشک,NOUN,1,0,0.0
شناور,NOUN,1,1,100.0
شهاب,PROPN,1,1,100.0
شهادتین,NOUN,1,1,100.0
شهد,NOUN,1,0,0.0
شهرزاد,PROPN,1,0,0.0
شهرستان,NOUN,1,1,100.0
شهرستان,PROPN,1,1,100.0
شلوارک,NOUN,1,1,100.0
سرقفلی,NOUN,1,1,100.0
سرمایه‌داری,NOUN,1,1,100.0
سرمد,NOUN,1,1,100.0
سرمربیگری,NOUN,1,1,100.0
سرنخ,NOUN,1,0,0.0
سربند,NOUN,1,1,100.0
شهلا,PROPN,1,1,100.0
شهوت,NOUN,1,0,0.0
شورا,PROPN,1,1,100.0
شورشی,NOUN,1,1,100.0
شوق,NOUN,1,1,100.0
شناخت,NOUN,1,0,0.0
شناساندن,NOUN,1,1,100.0
سرپرستی,NOUN,1,1,100.0
سرچشمه,NOUN,1,0,0.0
سرک,NOUN,1,0,0.0
سرحلقه,NOUN,1,1,100.0
سرخ,NOUN,1,1,100.0
سرخپوست,NOUN,1,1,100.0
سرخی,NOUN,1,1,100.0
سرخ‌پوست,NOUN,1,1,100.0
سردبیر,NOUN,1,1,100.0
سردخانه,NOUN,1,0,0.0
سردرگمی,NOUN,1,0,0.0
سردمدار,NOUN,1,1,100.0
سردوشی,NOUN,1,0,0.0
سرریز,NOUN,1,0,0.0
شکل‌گیری,NOUN,1,1,100.0
شکوائیه,NOUN,1,1,100.0
شکوفه,NOUN,1,0,0.0
شهروندی,NOUN,1,0,0.0
سرقت,NOUN,1,1,100.0
شکیبایی,NOUN,1,0,0.0
شکیبایی,PROPN,1,0,0.0
سد,PROPN,1,1,100.0
سده,NOUN,1,1,100.0
سرآغاز,NOUN,1,1,100.0
سرا,PROPN,1,1,100.0
سران,NOUN,1,1,100.0
سایر,NOUN,1,1,100.0
شگفتی,NOUN,1,0,0.0
شیء,NOUN,1,1,100.0
شیخ,NOUN,1,1,100.0
شیدا,NOUN,1,1,100.0
شیرازه,NOUN,1,1,100.0
شیربها,NOUN,1,0,0.0
شیرین,PROPN,1,1,100.0
شوک,NOUN,1,0,0.0
سایپا,PROPN,1,1,100.0
سبب,NOUN,1,1,100.0
سبد,NOUN,1,1,100.0
ستاد,NOUN,1,1,100.0
ستمکار,NOUN,1,1,100.0
ساغر,NOUN,1,0,0.0
ساق,NOUN,1,1,100.0
ساقه,NOUN,1,1,100.0
شیعه‌گری,NOUN,1,0,0.0
شیهه,NOUN,1,1,100.0
شیوه‌نامه,NOUN,1,1,100.0
صاحب,PROPN,1,0,0.0
صادق,PROPN,1,1,100.0
صاعقه,NOUN,1,1,100.0
صباح,NOUN,1,1,100.0
شکوه,PROPN,1,1,100.0
سالمند,NOUN,1,1,100.0
سالگی,NOUN,1,1,100.0
سامان,PROPN,1,0,0.0
سانتیمتر,NOUN,1,1,100.0
ساندویچ,NOUN,1,0,0.0
ساندیس,NOUN,1,1,100.0
ساک,NOUN,1,1,100.0
ساحل,NOUN,1,1,100.0
صحرا,NOUN,1,1,100.0
صحیح,NOUN,1,1,100.0
صحیفه,NOUN,1,1,100.0
صخره,NOUN,1,1,100.0
صدر,NOUN,1,1,100.0
صدق,NOUN,1,1,100.0
شیشکی,NOUN,1,0,0.0
شیطان,PROPN,1,1,100.0
ضحاک,NOUN,1,1,100.0
ضخامت,NOUN,1,1,100.0
صعود,NOUN,1,1,100.0
صفرا,NOUN,1,0,0.0
صفورا,NOUN,1,1,100.0
صلاح,NOUN,1,1,100.0
صله,NOUN,1,1,100.0
صندوق,PROPN,1,1,100.0
ساختن,NOUN,1,1,100.0
ساخته,NOUN,1,1,100.0
سادات,NOUN,1,1,100.0
سادگی,NOUN,1,1,100.0
سازگاری,NOUN,1,0,0.0
ساطور,NOUN,1,0,0.0
زیدان,PROPN,1,1,100.0
سالروز,NOUN,1,1,100.0
زیرساخت,NOUN,1,1,100.0
زیرمجموعه,NOUN,1,1,100.0
زیستن,NOUN,1,1,100.0
زینب,PROPN,1,1,100.0
زینت,NOUN,1,1,100.0
زینل,PROPN,1,1,100.0
زیپ,PROPN,1,1,100.0
سئوال,NOUN,1,0,0.0
صهیونیست,PROPN,1,1,100.0
صورتحساب,NOUN,1,1,100.0
صورتک,NOUN,1,0,0.0
صیغه,NOUN,1,1,100.0
ضابطه,NOUN,1,1,100.0
ضامن,NOUN,1,1,100.0
ضایعه,NOUN,1,1,100.0
ضجه,NOUN,1,0,0.0
زنگار,NOUN,1,0,0.0
زهرا,PROPN,1,1,100.0
زوال,NOUN,1,1,100.0
زور,NOUN,1,1,100.0
زولبیا,NOUN,1,1,100.0
زعفران,NOUN,1,1,100.0
زغال,NOUN,1,1,100.0
ضربت,NOUN,1,0,0.0
ضربدر,NOUN,1,0,0.0
ضعیف,NOUN,1,1,100.0
ضلع,PROPN,1,1,100.0
طائفه,NOUN,1,1,100.0
طاعات,NOUN,1,1,100.0
صهبا,NOUN,1,1,100.0
صهیونیست,NOUN,1,1,100.0
زیردریایی,NOUN,1,1,100.0
طبیب,NOUN,1,1,100.0
زلزله,NOUN,1,0,0.0
زنانیت,NOUN,1,1,100.0
زنبور,NOUN,1,1,100.0
زنبیل,NOUN,1,0,0.0
زندان,NOUN,1,1,100.0
زباله,NOUN,1,0,0.0
زبانه,NOUN,1,1,100.0
طراوت,NOUN,1,1,100.0
طرح,PROPN,1,1,100.0
طریق,NOUN,1,0,0.0
طریقه,NOUN,1,1,100.0
ضدآفتاب,NOUN,1,1,100.0
ضدیت,NOUN,1,1,100.0
ضرب,NOUN,1,1,100.0
زنگ,NOUN,1,0,0.0
زخمی,NOUN,1,1,100.0
زر,NOUN,1,1,100.0
زرادخانه,NOUN,1,1,100.0
زرتشت,PROPN,1,1,100.0
زردآلو,NOUN,1,0,0.0
زرشک,NOUN,1,1,100.0
ریتم,NOUN,1,0,0.0
ریسک,NOUN,1,1,100.0
طنین,NOUN,1,1,100.0
طوبی,NOUN,1,0,0.0
طوطی,NOUN,1,0,0.0
طوفان,NOUN,1,1,100.0
طیف,NOUN,1,1,100.0
ظالم,NOUN,1,1,100.0
طبق,NOUN,1,1,100.0
طبقه,NOUN,1,1,100.0
ریکلمه,PROPN,1,1,100.0
ریگ,NOUN,1,1,100.0
زاد,NOUN,1,0,0.0
زارع,NOUN,1,1,100.0
زاهدمنشی,NOUN,1,0,0.0
زایش,NOUN,1,1,100.0
رویاها,NOUN,1,1,100.0
ع,NOUN,1,0,0.0
عادل,PROPN,1,1,100.0
عارف,PROPN,1,0,0.0
عاشقی,NOUN,1,1,100.0
عام,NOUN,1,1,100.0
عایده,NOUN,1,1,100.0
عایشه,PROPN,1,1,100.0
زحل,PROPN,1,1,100.0
زحمت,PROPN,1,0,0.0
روم,PROPN,1,1,100.0
روپوش,NOUN,1,1,100.0
روبرو,NOUN,1,1,100.0
عتیقه,NOUN,1,1,100.0
عثمان,PROPN,1,1,100.0
عجله,NOUN,1,0,0.0
عجم,PROPN,1,1,100.0
عداوت,NOUN,1,0,0.0
عدم,NOUN,1,1,100.0
عراق,NOUN,1,1,100.0
ظرف‌شویی,NOUN,1,1,100.0
رپرتوار,NOUN,1,0,0.0
روستایی,NOUN,1,1,100.0
روسری,PROPN,1,1,100.0
ریل,NOUN,1,0,0.0
رینگ,NOUN,1,1,100.0
عصیان,NOUN,1,1,100.0
عطا,NOUN,1,1,100.0
عرش,NOUN,1,1,100.0
عرصه,NOUN,1,1,100.0
عرفان,NOUN,1,1,100.0
عرق‌فروش,NOUN,1,1,100.0
عروسک,NOUN,1,1,100.0
عروق,NOUN,1,0,0.0
عریضه,NOUN,1,1,100.0
عزا,NOUN,1,1,100.0
عزادار,NOUN,1,1,100.0
عزاداری,NOUN,1,1,100.0
روسیه,PROPN,1,1,100.0
روشنگری,NOUN,1,1,100.0
روغن‌کاری,NOUN,1,1,100.0
رولت,NOUN,1,1,100.0
عزم,NOUN,1,1,100.0
رودریگز,PROPN,1,1,100.0
رودست,NOUN,1,0,0.0
روز,PROPN,1,1,100.0
روزنامه,PROPN,1,1,100.0
روزنامه‌نگار,NOUN,1,1,100.0
روزه‌خوار,NOUN,1,1,100.0
روستانشین,NOUN,1,1,100.0
رنگین‌کمان,NOUN,1,0,0.0
ره,NOUN,1,0,0.0
عشق‌ورزی,NOUN,1,1,100.0
عشیره,NOUN,1,1,100.0
عصا,NOUN,1,1,100.0
عصبانیت,NOUN,1,1,100.0
عصر,NOUN,1,1,100.0
عصمت,NOUN,1,1,100.0
رشوه,NOUN,1,0,0.0
رهبانیت,NOUN,1,1,100.0
رهرو,PROPN,1,1,100.0
رهنما,NOUN,1,0,0.0
رهنمود,NOUN,1,1,100.0
ره‌توشه,NOUN,1,0,0.0
رواج,NOUN,1,0,0.0
روبات,NOUN,1,1,100.0
رفراندوم,NOUN,1,1,100.0
رفرم,NOUN,1,0,0.0
عفو,PROPN,1,1,100.0
عقاب,NOUN,1,1,100.0
عقد,NOUN,1,0,0.0
عقربه,NOUN,1,0,0.0
عقوبت,NOUN,1,0,0.0
علاج,NOUN,1,0,0.0
رضا,NOUN,1,1,100.0
رضا,PROPN,1,1,100.0
رعایت,NOUN,1,1,100.0
رعیت,NOUN,1,1,100.0
رعیت,PROPN,1,1,100.0
رفاه‌طلبی,NOUN,1,1,100.0
رستم,PROPN,1,1,100.0
علم‌آموزی,NOUN,1,1,100.0
علوی,PROPN,1,1,100.0
عمامه,NOUN,1,0,0.0
رقعه,NOUN,1,0,0.0
رمانف,PROPN,1,1,100.0
رمق,NOUN,1,0,0.0
رنجش,NOUN,1,1,100.0
رنسانس,PROPN,1,1,100.0
رشوت,NOUN,1,0,0.0
عملیه,NOUN,1,1,100.0
رستوران,NOUN,1,1,100.0
رستگاری,NOUN,1,1,100.0
رسم‌الخط,NOUN,1,1,100.0
رسوب,NOUN,1,1,100.0
رسول,NOUN,1,1,100.0
رسید,NOUN,1,1,100.0
رشادت,NOUN,1,0,0.0
رحل,NOUN,1,0,0.0
عمو,PROPN,1,1,100.0
عمود,NOUN,1,1,100.0
عنان,NOUN,1,0,0.0
عنایت,NOUN,1,0,0.0
عهده,NOUN,1,1,100.0
عکاس,NOUN,1,0,0.0
علاقه‌مند,NOUN,1,0,0.0
رحمتی,PROPN,1,1,100.0
رخسار,NOUN,1,1,100.0
ردیاب,NOUN,1,0,0.0
رزم,NOUN,1,1,100.0
راهنما,NOUN,1,0,0.0
عیب‌جویی,NOUN,1,1,100.0
عید,NOUN,1,0,0.0
عید,PROPN,1,1,100.0
عیدانه,NOUN,1,0,0.0
عین,NOUN,1,1,100.0
عینیت,NOUN,1,0,0.0
غار,NOUN,1,1,100.0
غار,PROPN,1,1,100.0
غاز,NOUN,1,0,0.0
غالی,NOUN,1,1,100.0
غایت,NOUN,1,0,0.0
رب,NOUN,1,0,0.0
ربات,NOUN,1,1,100.0
رج,NOUN,1,1,100.0
رجا,NOUN,1,0,0.0
رجحان,NOUN,1,0,0.0
رجز,NOUN,1,0,0.0
غرامت,NOUN,1,0,0.0
غرب,PROPN,1,1,100.0
غریبه,NOUN,1,1,100.0
غریزه,NOUN,1,1,100.0
غزه,PROPN,1,1,100.0
غسل,NOUN,1,1,100.0
غضب,NOUN,1,1,100.0
غفلت,NOUN,1,0,0.0
غل,NOUN,1,1,100.0
رحمت,PROPN,1,1,100.0
فانوس,NOUN,1,1,100.0
فاکتور,NOUN,1,0,0.0
فاکتورهایش,NOUN,1,1,100.0
فایروال,PROPN,1,1,100.0
غلامحسین,PROPN,1,1,100.0
غلظت,NOUN,1,1,100.0
غلو,NOUN,1,1,100.0
غم‌انگیزی,NOUN,1,1,100.0
غنا,NOUN,1,0,0.0
غیرنظامی,NOUN,1,1,100.0
فئام,NOUN,1,1,100.0
غده,NOUN,1,1,100.0
راهنمایی,NOUN,1,1,100.0
راهنمایی‌های,NOUN,1,0,0.0
راه‌بند,NOUN,1,1,100.0
رایحه,NOUN,1,1,100.0
راحتی,NOUN,1,1,100.0
رادیاتور,NOUN,1,1,100.0
رادیواکتیو,PROPN,1,0,0.0
رازداری,NOUN,1,1,100.0
راست,ADJ,1,1,100.0
راستی,NOUN,1,1,100.0
رافق,PROPN,1,1,100.0
رانش,NOUN,1,1,100.0
ذریت,NOUN,1,1,100.0
فارغ‌التحصیل,NOUN,1,0,0.0
فاز,NOUN,1,1,100.0
فاسق,NOUN,1,1,100.0
فاطمی,PROPN,1,1,100.0
فال,NOUN,1,0,0.0
فالوده,NOUN,1,0,0.0
فامیلی,NOUN,1,1,100.0
ذوق,PROPN,1,1,100.0
ر,NOUN,1,1,100.0
رآکتور,NOUN,1,1,100.0
رؤسا,NOUN,1,1,100.0
دیواره,NOUN,1,1,100.0
فتنه‌گر,NOUN,1,1,100.0
فتوا,NOUN,1,1,100.0
فحش,NOUN,1,0,0.0
فدراسیون,PROPN,1,1,100.0
فرآورده,NOUN,1,1,100.0
فرارسیدن,NOUN,1,1,100.0
فرانسه,PROPN,1,0,0.0
فاحشه,NOUN,1,0,0.0
فاحشه,PROPN,1,0,0.0
فارس,PROPN,1,0,0.0
رابط,NOUN,1,0,0.0
دیگراندیشی,NOUN,1,1,100.0
دی‌وی‌دی,NOUN,1,1,100.0
دی‌وی‌دی,PROPN,1,1,100.0
ذات,NOUN,1,1,100.0
دگمه,NOUN,1,1,100.0
دیابت,NOUN,1,1,100.0
دیانت,NOUN,1,1,100.0
فرضیه,NOUN,1,1,100.0
فرع,NOUN,1,1,100.0
فرعون,NOUN,1,1,100.0
فرفره,NOUN,1,0,0.0
فرقه,NOUN,1,1,100.0
فتح,NOUN,1,1,100.0
فتح‌نامه,NOUN,1,1,100.0
ذهنیت,NOUN,1,1,100.0
ذوالقرنین,PROPN,1,1,100.0
دیروز,NOUN,1,1,100.0
دیسک,NOUN,1,1,100.0
دیش,NOUN,1,1,100.0
دین‌دار,NOUN,1,1,100.0
دیه,NOUN,1,0,0.0
دوقلو,NOUN,1,0,0.0
فرمان,PROPN,1,1,100.0
فرماندار,NOUN,1,1,100.0
فرمایش,NOUN,1,1,100.0
فره,NOUN,1,1,100.0
فرودگاه,NOUN,1,1,100.0
دیپلماسی,NOUN,1,1,100.0
دیکته,NOUN,1,0,0.0
دیگ,NOUN,1,1,100.0
دیگر,NOUN,1,1,100.0
دیگران,PRON,1,1,100.0
دژ,PROPN,1,1,100.0
دکتر,NOUN,1,1,100.0
دکترا,NOUN,1,1,100.0
دکه,NOUN,1,1,100.0
دهه,NOUN,1,1,100.0
دوا,NOUN,1,0,0.0
فزونی,NOUN,1,1,100.0
فسادگری,NOUN,1,1,100.0
فصاحت,NOUN,1,0,0.0
فضاپیما,NOUN,1,1,100.0
فضیلت,NOUN,1,0,0.0
فعلیت,NOUN,1,0,0.0
فقر,NOUN,1,1,100.0
فرقه,PROPN,1,1,100.0
دیتابیس,PROPN,1,1,100.0
دید,NOUN,1,1,100.0
فیلمنامه,NOUN,1,0,0.0
فیلم‌نامه,NOUN,1,0,0.0
فیله,NOUN,1,1,100.0
فقه,NOUN,1,0,0.0
فلاش,NOUN,1,0,0.0
فلاش,PROPN,1,1,100.0
فلانی,PROPN,1,1,100.0
فلنگ,NOUN,1,1,100.0
فناء,NOUN,1,1,100.0
فنجان,NOUN,1,1,100.0
فریب,NOUN,1,1,100.0
فریدون,PROPN,1,0,0.0
فریضه,NOUN,1,1,100.0
دومی,NOUN,1,1,100.0
دونده,PROPN,1,1,100.0
دوهفته‌نامه,NOUN,1,0,0.0
دوبیتی,NOUN,1,1,100.0
دوخت,NOUN,1,1,100.0
دورتادور,NOUN,1,1,100.0
دورنتین,PROPN,1,1,100.0
دوز,NOUN,1,0,0.0
دوستدار,NOUN,1,1,100.0
دموکراسی,NOUN,1,0,0.0
دمپایی,NOUN,1,1,100.0
دمکراسی,NOUN,1,1,100.0
فوتون,NOUN,1,1,100.0
فوریت,NOUN,1,0,0.0
فولاد,NOUN,1,1,100.0
فک,NOUN,1,0,0.0
فیشته,PROPN,1,0,0.0
فیصله,NOUN,1,1,100.0
فیلتر,NOUN,1,1,100.0
دنا,NOUN,1,1,100.0
دنبال,NOUN,1,0,0.0
دندان‌درد,NOUN,1,0,0.0
دندان‌پزشکی,NOUN,1,1,100.0
ده,NUM,1,0,0.0
دهانه,NOUN,1,1,100.0
دهن,NOUN,1,0,0.0
قاره,PROPN,1,1,100.0
قاری,NOUN,1,0,0.0
قاصدک,NOUN,1,1,100.0
قاضی,NOUN,1,1,100.0
قاعده,NOUN,1,1,100.0
قافیه,NOUN,1,0,0.0
قال,NOUN,1,0,0.0
فهمیده,NOUN,1,0,0.0
فوت,NOUN,1,1,100.0
دلاور,NOUN,1,1,100.0
دلاوری,NOUN,1,1,100.0
دلق,NOUN,1,1,100.0
دلهره,NOUN,1,1,100.0
دل‌نوشته,NOUN,1,1,100.0
دماسنج,NOUN,1,1,100.0
دمبه,NOUN,1,0,0.0
قانونمندی,NOUN,1,1,100.0
قبضه,NOUN,1,0,0.0
قبول,NOUN,1,1,100.0
قداست,NOUN,1,0,0.0
فیگو,PROPN,1,1,100.0
فیگور,NOUN,1,1,100.0
قاب,NOUN,1,1,100.0
دم‌پایی,NOUN,1,1,100.0
دم‌کرده,NOUN,1,1,100.0
دست‌بند,NOUN,1,0,0.0
دست‌نوشته,NOUN,1,1,100.0
دسیسه,NOUN,1,1,100.0
دروازه,NOUN,1,1,100.0
قدس,PROPN,1,1,100.0
قدیس,NOUN,1,0,0.0
قرائت,NOUN,1,1,100.0
قربان,NOUN,1,0,0.0
قالب‌بندی,NOUN,1,1,100.0
قالی,NOUN,1,1,100.0
قالیباف,PROPN,1,1,100.0
دعوا,NOUN,1,1,100.0
دفتر,PROPN,1,1,100.0
دفع,NOUN,1,1,100.0
دفعه,NOUN,1,1,100.0
دلال,NOUN,1,1,100.0
درس‌نامه‌های,NOUN,1,1,100.0
درنا,NOUN,1,1,100.0
دبیر,NOUN,1,1,100.0
دخالت,NOUN,1,0,0.0
قره,NOUN,1,1,100.0
قزاقخانه,NOUN,1,1,100.0
قسطنطنیه,PROPN,1,1,100.0
قشقرق,NOUN,1,0,0.0
قدح,NOUN,1,0,0.0
دروس,NOUN,1,1,100.0
دروغگو,NOUN,1,1,100.0
دری,NOUN,1,1,100.0
دریا,PROPN,1,1,100.0
دستش‌ده,NOUN,1,0,0.0
دسته,NOUN,1,1,100.0
دستگاه,PROPN,1,1,100.0
قوز,NOUN,1,1,100.0
قوزک,NOUN,1,1,100.0
قوس,NOUN,1,1,100.0
قطبی,PROPN,1,1,100.0
قطب‌نما,NOUN,1,0,0.0
قل,NOUN,1,0,0.0
قلم,PROPN,1,1,100.0
قلم‌نوشت,NOUN,1,1,100.0
قرعه,NOUN,1,0,0.0
قرن,NOUN,1,1,100.0
قرنیه,NOUN,1,1,100.0
دردانه,NOUN,1,1,100.0
دردمند,NOUN,1,1,100.0
درده,NOUN,1,1,100.0
درستی,NOUN,1,1,100.0
درس‌نامه,NOUN,1,1,100.0
قلو,NOUN,1,0,0.0
دختربچه,NOUN,1,1,100.0
دخترک,NOUN,1,0,0.0
در,PROPN,1,1,100.0
درآوردن,NOUN,1,1,100.0
درایو,NOUN,1,1,100.0
دربی,NOUN,1,1,100.0
درج,NOUN,1,1,100.0
درخشش,NOUN,1,1,100.0
دانشکده,NOUN,1,1,100.0
قلوه‌سنگ,NOUN,1,1,100.0
قم,PROPN,1,1,100.0
قندهار,PROPN,1,1,100.0
قهرمان,NOUN,1,1,100.0
قوت,NOUN,1,0,0.0
قورباغه,NOUN,1,1,100.0
دایرةالمعارف,NOUN,1,1,100.0
دایرة‌المعارف,NOUN,1,1,100.0
دایره,NOUN,1,1,100.0
دایرکتوری,NOUN,1,1,100.0
دب,NOUN,1,1,100.0
دبی,NOUN,1,0,0.0
داربست,NOUN,1,1,100.0
دارونما,NOUN,1,0,0.0
قوه,PROPN,1,1,100.0
قوچ,NOUN,1,0,0.0
قیام,NOUN,1,1,100.0
قید,NOUN,1,1,100.0
قیر,NOUN,1,1,100.0
لئوناردو,PROPN,1,1,100.0
لاشه,NOUN,1,0,0.0
قلنج,NOUN,1,0,0.0
داروی,NOUN,1,0,0.0
داریوش,PROPN,1,1,100.0
داش,PROPN,1,1,100.0
داشتن,NOUN,1,1,100.0
داعیه,NOUN,1,0,0.0
دانسته,NOUN,1,1,100.0
خیابان,PROPN,1,1,100.0
خیار,NOUN,1,1,100.0
لبرون,PROPN,1,1,100.0
لجام,NOUN,1,1,100.0
لحظه‌لحظه,NOUN,1,1,100.0
لرزش,NOUN,1,1,100.0
قوم,PROPN,1,1,100.0
دانیال,PROPN,1,1,100.0
داوطلب,NOUN,1,1,100.0
داوود,PROPN,1,1,100.0
لیبی,PROPN,1,1,100.0
لیره,NOUN,1,0,0.0
لیزر,NOUN,1,1,100.0
لشگر,NOUN,1,1,100.0
لعنت,NOUN,1,0,0.0
لغزش,NOUN,1,0,0.0
لفاظی,NOUN,1,1,100.0
لنگر,PROPN,1,0,0.0
لوا,NOUN,1,1,100.0
خیرت,PROPN,1,1,100.0
خیمه,NOUN,1,1,100.0
دابه,NOUN,1,1,100.0
دادن,NOUN,1,1,100.0
دار,NOUN,1,1,100.0
خوشامد,NOUN,1,0,0.0
خوشبخت,NOUN,1,1,100.0
خوش‌بینی,NOUN,1,1,100.0
خوش‌گذرانی,NOUN,1,1,100.0
خوش‌گمانی,NOUN,1,1,100.0
خوف,NOUN,1,0,0.0
خونسردی,NOUN,1,1,100.0
خوک,NOUN,1,1,100.0
خویشاوند,NOUN,1,1,100.0
خواهان,NOUN,1,1,100.0
خواهر,NOUN,1,0,0.0
خواهش,NOUN,1,1,100.0
لپ,NOUN,1,1,100.0
لپ‌تاپ,NOUN,1,0,0.0
لکه,NOUN,1,1,100.0
لگام,NOUN,1,1,100.0
لگد,NOUN,1,0,0.0
لیبرمن,PROPN,1,1,100.0
مارکسیسم,NOUN,1,1,100.0
مارکسیسم,PROPN,1,1,100.0
لیسانس,NOUN,1,0,0.0
لیست‌گذاری,NOUN,1,1,100.0
لیفتراک,NOUN,1,1,100.0
لیلی,PROPN,1,1,100.0
لینک,NOUN,1,1,100.0
لی‌لی,NOUN,1,0,0.0
مأمور,NOUN,1,1,100.0
مؤلفه,NOUN,1,1,100.0
لواشک,NOUN,1,0,0.0
خود,NOUN,1,0,0.0
خودکار,NOUN,1,1,100.0
خندیدن,NOUN,1,0,0.0
خوشه,NOUN,1,1,100.0
خوشوقتی,NOUN,1,0,0.0
خنزر,NOUN,1,1,100.0
خوارج,NOUN,1,1,100.0
خوارزم,PROPN,1,1,100.0
خواست,NOUN,1,1,100.0
خواستن,NOUN,1,1,100.0
خواستگار,NOUN,1,1,100.0
خواستگاری,NOUN,1,0,0.0
خوان,NOUN,1,1,100.0
خوانچه,NOUN,1,1,100.0
خلافت,NOUN,1,1,100.0
خلافکار,NOUN,1,1,100.0
مادرشوهر,NOUN,1,1,100.0
مادیان,NOUN,1,1,100.0
ماراتن,NOUN,1,1,100.0
مارش,NOUN,1,0,0.0
مارکسیست,NOUN,1,1,100.0
خلیفه,NOUN,1,0,0.0
خمره,NOUN,1,1,100.0
خمیازه,NOUN,1,1,100.0
خمیرمایه,NOUN,1,1,100.0
خمینی,PROPN,1,1,100.0
خسوف,NOUN,1,1,100.0
ماشین,PROPN,1,1,100.0
مالک,PROPN,1,1,100.0
مالی,NOUN,1,1,100.0
مال‌التجاره,NOUN,1,1,100.0
مامان,NOUN,1,1,100.0
مامان,PROPN,1,1,100.0
مامان‌بزرگ,NOUN,1,1,100.0
مانتو,PROPN,1,1,100.0
ماندگاری,NOUN,1,1,100.0
ماتریالیسم,NOUN,1,1,100.0
خشم,PROPN,1,1,100.0
خشکی,NOUN,1,0,0.0
خصم,NOUN,1,1,100.0
خصوصیت,NOUN,1,0,0.0
خطاکار,NOUN,1,1,100.0
خطبه,PROPN,1,1,100.0
خرت,NOUN,1,1,100.0
ماهی‌قرمز,NOUN,1,1,100.0
ماه‌گرفتگی,NOUN,1,1,100.0
ماکرو,NOUN,1,0,0.0
مایع,NOUN,1,1,100.0
ماش,NOUN,1,1,100.0
خلافی,NOUN,1,0,0.0
خلایق,NOUN,1,1,100.0
خلعت,NOUN,1,1,100.0
خلل,NOUN,1,0,0.0
خرما,PROPN,1,0,0.0
خرمن,NOUN,1,1,100.0
خروار,NOUN,1,0,0.0
خزینه,NOUN,1,1,100.0
مباشرت,NOUN,1,0,0.0
مبتلا,NOUN,1,1,100.0
مبلمان,NOUN,1,1,100.0
مبنا,NOUN,1,1,100.0
متاع,ADJ,1,1,100.0
متان,NOUN,1,1,100.0
متخصص,NOUN,1,1,100.0
متخلف,NOUN,1,1,100.0
مترمربع,NOUN,1,1,100.0
مانی,NOUN,1,1,100.0
مانیتور,NOUN,1,1,100.0
خشت,NOUN,1,1,100.0
خداشناسی,NOUN,1,1,100.0
خدمتگزار,NOUN,1,1,100.0
خدمت‌رسانی,NOUN,1,1,100.0
خدمت‌گزار,NOUN,1,1,100.0
خدیجه,NOUN,1,1,100.0
خراش,NOUN,1,0,0.0
متمم,NOUN,1,1,100.0
مته,NOUN,1,0,0.0
متواضع,NOUN,1,1,100.0
متوفی,NOUN,1,1,100.0
متولی,NOUN,1,0,0.0
متکبر,NOUN,1,1,100.0
متکدی,NOUN,1,1,100.0
مثل,ADP,1,1,100.0
خرده,NOUN,1,1,100.0
خرقه,NOUN,1,0,0.0
خانه,PROPN,1,1,100.0
خان‌باشی,NOUN,1,1,100.0
خاورمیانه,PROPN,1,1,100.0
خاوری,NOUN,1,1,100.0
حکمران,NOUN,1,1,100.0
حکمرانی,NOUN,1,1,100.0
حکمیت,NOUN,1,1,100.0
مجتمع,PROPN,1,1,100.0
مجری,NOUN,1,1,100.0
مجسمه‌سازی,NOUN,1,1,100.0
مجلد,NOUN,1,1,100.0
مجیدی,PROPN,1,1,100.0
مترو,PROPN,1,1,100.0
متغیر,NOUN,1,1,100.0
متفکر,NOUN,1,0,0.0
خجالت,NOUN,1,0,0.0
خاصه,NOUN,1,1,100.0
حمایل,NOUN,1,0,0.0
حمد,NOUN,1,1,100.0
حمص,PROPN,1,1,100.0
محبوب,NOUN,1,1,100.0
محبوبیت,NOUN,1,0,0.0
محرم,NOUN,1,1,100.0
محرم,PROPN,1,1,100.0
محرمات,NOUN,1,1,100.0
محرک,NOUN,1,1,100.0
محضر,NOUN,1,1,100.0
محفظه,NOUN,1,0,0.0
مجادله,NOUN,1,0,0.0
مجازات,NOUN,1,1,100.0
خالی,ADJ,1,1,100.0
خاندان,NOUN,1,0,0.0
حمید,PROPN,1,1,100.0
حمیدرضا,PROPN,1,1,100.0
حوض,NOUN,1,1,100.0
حوضه,NOUN,1,1,100.0
حقق,NOUN,1,1,100.0
محله,PROPN,1,1,100.0
محمد,PROPN,1,1,100.0
محک,NOUN,1,1,100.0
محکم‌کاری,NOUN,1,0,0.0
مخارج,NOUN,1,1,100.0
محبت,PROPN,1,1,100.0
محبوب,ADJ,1,1,100.0
حکیم,NOUN,1,0,0.0
حیرت,NOUN,1,1,100.0
خازن,NOUN,1,1,100.0
خاشاک,NOUN,1,1,100.0
حق‌الله,NOUN,1,1,100.0
حق‌الناس,NOUN,1,1,100.0
حق‌النفس,NOUN,1,0,0.0
حل,NOUN,1,1,100.0
حلم,NOUN,1,0,0.0
حلیم,NOUN,1,0,0.0
مخفیگاه,PROPN,1,1,100.0
مخلوق,NOUN,1,1,100.0
مخلوق,PROPN,1,1,100.0
مدار,NOUN,1,1,100.0
مدارک,NOUN,1,1,100.0
مدحی,NOUN,1,1,100.0
مدد,NOUN,1,0,0.0
مددجو,NOUN,1,1,100.0
محفوظات,NOUN,1,1,100.0
حمل,NOUN,1,1,100.0
حشره,NOUN,1,1,100.0
حشم,NOUN,1,1,100.0
حصار,NOUN,1,0,0.0
حضانت,NOUN,1,1,100.0
حرفه,PROPN,1,1,100.0
حرف‌شنوی,NOUN,1,0,0.0
حرم,PROPN,1,1,100.0
مدیرعامل,NOUN,1,1,100.0
مدیوم,NOUN,1,1,100.0
مذاق,NOUN,1,1,100.0
مذاکره,PROPN,1,0,0.0
مراتب,NOUN,1,1,100.0
مراجعه,NOUN,1,1,100.0
مراد,PROPN,1,1,100.0
مراسم,PROPN,1,1,100.0
مختار,PROPN,1,1,100.0
جیب,NOUN,1,1,100.0
حزب,NOUN,1,0,0.0
حزب‌الله,PROPN,1,1,100.0
حزن,NOUN,1,0,0.0
مربا,NOUN,1,0,0.0
مرجان,PROPN,1,1,100.0
مرجع,NOUN,1,1,100.0
مرجعیت,NOUN,1,0,0.0
مرحبا,NOUN,1,0,0.0
مرد,PROPN,1,0,0.0
مرداب,NOUN,1,1,100.0
مدرنیته,NOUN,1,1,100.0
حسنی,PROPN,1,1,100.0
حسین,NOUN,1,1,100.0
حسینیه,PROPN,1,1,100.0
حشر,NOUN,1,0,0.0
حاجی,NOUN,1,1,100.0
جهل,NOUN,1,1,100.0
جو,NOUN,1,1,100.0
مرزبان‌نامه,PROPN,1,1,100.0
مرزنشین,NOUN,1,1,100.0
مرسوله,NOUN,1,1,100.0
مریخ,NOUN,1,1,100.0
مرید,NOUN,1,1,100.0
مرام,NOUN,1,0,0.0
حجر,NOUN,1,1,100.0
حجره,NOUN,1,0,0.0
حجله,NOUN,1,1,100.0
حراست,NOUN,1,1,100.0
حرص,NOUN,1,0,0.0
حرفه,NOUN,1,1,100.0
جوک,NOUN,1,0,0.0
مسجدالحرام,PROPN,1,1,100.0
مسعود,PROPN,1,1,100.0
مریم,PROPN,1,1,100.0
مزاج,NOUN,1,0,0.0
مزاح,NOUN,1,1,100.0
مزار,NOUN,1,1,100.0
مزایا,NOUN,1,1,100.0
مزد,NOUN,1,1,100.0
مزدک,NOUN,1,1,100.0
مس,NOUN,1,1,100.0
مسؤولیت,NOUN,1,1,100.0
مسئلت,NOUN,1,0,0.0
مسئله‌های,NOUN,1,1,100.0
مردم‌سالاری,NOUN,1,1,100.0
جیمی,PROPN,1,1,100.0
جین,NOUN,1,0,0.0
مسابقه,NOUN,1,0,0.0
جواد,PROPN,1,1,100.0
جوارح,NOUN,1,1,100.0
جوانه,NOUN,1,1,100.0
جوانیه,NOUN,1,1,100.0
جوجه,NOUN,1,1,100.0
جوراب,NOUN,1,0,0.0
جوش,NOUN,1,1,100.0
جوشگاه,NOUN,1,1,100.0
جوهر,NOUN,1,0,0.0
جنگجو,NOUN,1,1,100.0
مساحت,NOUN,1,1,100.0
مستضعف,NOUN,1,1,100.0
مستمری,NOUN,1,1,100.0
مستکبر,NOUN,1,1,100.0
مسجد,PROPN,1,1,100.0
جفت,NOUN,1,0,0.0
جنگل,PROPN,1,1,100.0
جنگ‌زده,NOUN,1,1,100.0
جنگ‌سالاری,NOUN,1,1,100.0
جهاد,NOUN,1,1,100.0
جهانی,NOUN,1,1,100.0
جهش,NOUN,1,0,0.0
جمعیت,PROPN,1,1,100.0
جمع‌آوری,NOUN,1,1,100.0
جمع‌بندی,NOUN,1,1,100.0
مسهل,NOUN,1,0,0.0
مسکین,NOUN,1,1,100.0
مسیحی,NOUN,1,1,100.0
مسیحیت,NOUN,1,1,100.0
مسیریابی,NOUN,1,1,100.0
مشام,PROPN,1,1,100.0
جمجمه,NOUN,1,1,100.0
جریحه,NOUN,1,0,0.0
جزء,NOUN,1,1,100.0
مشت‌زن,NOUN,1,1,100.0
مشروح,NOUN,1,1,100.0
مشرک,NOUN,1,1,100.0
مشهد,PROPN,1,1,100.0
مسلمانی,NOUN,1,0,0.0
مسمومیت,NOUN,1,0,0.0
جمیع,NOUN,1,1,100.0
جناب,NOUN,1,1,100.0
جنبش,PROPN,1,1,100.0
جنجال,NOUN,1,0,0.0
جند,NOUN,1,1,100.0
جنسیت‌گرایی,NOUN,1,1,100.0
جفا,NOUN,1,0,0.0
جستجو,NOUN,1,1,100.0
جشنواره,NOUN,1,1,100.0
جعبه,NOUN,1,1,100.0
جعفر,PROPN,1,1,100.0
مصرف,NOUN,1,1,100.0
مصطفی,PROPN,1,1,100.0
مصلی,NOUN,1,1,100.0
مصنوع,NOUN,1,1,100.0
مضمون,NOUN,1,1,100.0
مطابقت,NOUN,1,0,0.0
مطالبات,NOUN,1,1,100.0
مشاهده,NOUN,1,1,100.0
جلاد,NOUN,1,1,100.0
جلو,NOUN,1,1,100.0
جلوگیری,NOUN,1,0,0.0
جمال‌زاده,PROPN,1,1,100.0
جرء,NOUN,1,1,100.0
جرئت,NOUN,1,1,100.0
جراید,NOUN,1,1,100.0
جارو,NOUN,1,0,0.0
جارچی,NOUN,1,1,100.0
مظهر,NOUN,1,1,100.0
معاد,NOUN,1,1,100.0
معادله,NOUN,1,1,100.0
معاشرت,NOUN,1,0,0.0
معاونت,PROPN,1,1,100.0
معاینه,NOUN,1,1,100.0
معبد,PROPN,1,1,100.0
مصحف,NOUN,1,1,100.0
مصدق,PROPN,1,1,100.0
جزء,PROPN,1,1,100.0
جزر,NOUN,1,0,0.0
جامع‌المقدمات,NOUN,1,1,100.0
جانباز,NOUN,1,1,100.0
جانشین,NOUN,1,0,0.0
جانور,NOUN,1,1,100.0
جاودانگی,NOUN,1,1,100.0
تیغ,NOUN,1,1,100.0
تیغه,NOUN,1,1,100.0
معجون,NOUN,1,1,100.0
معذرت,NOUN,1,0,0.0
معشوق,NOUN,1,1,100.0
معماری,NOUN,1,1,100.0
معمر,NOUN,1,1,100.0
معنویت,NOUN,1,1,100.0
مطب,NOUN,1,0,0.0
جداره,NOUN,1,1,100.0
جذبه,NOUN,1,0,0.0
ثلث,NOUN,1,1,100.0
ثنا,NOUN,1,0,0.0
ثواب,NOUN,1,1,100.0
جابجایی,NOUN,1,0,0.0
جادوگر,NOUN,1,1,100.0
تپه,PROPN,1,1,100.0
تپ‌اختر,NOUN,1,1,100.0
مغایرت,NOUN,1,0,0.0
مغزی,NOUN,1,1,100.0
مفاخر,NOUN,1,1,100.0
مفروض,NOUN,1,1,100.0
مفلوک,NOUN,1,1,100.0
مقابله,NOUN,1,1,100.0
معترض,NOUN,1,1,100.0
معتزله,NOUN,1,1,100.0
جامعیت,NOUN,1,0,0.0
تولیدکننده,NOUN,1,1,100.0
توبره,NOUN,1,0,0.0
توت,NOUN,1,1,100.0
توت‌فرنگی,NOUN,1,0,0.0
مقتل,NOUN,1,0,0.0
مقدم,NOUN,1,1,100.0
مقرری,NOUN,1,0,0.0
مقیاس,NOUN,1,1,100.0
مغازه‌دار,NOUN,1,1,100.0
تکامل,NOUN,1,0,0.0
تکنسین,NOUN,1,0,0.0
تکنولوژی,NOUN,1,1,100.0
تک‌تک,NOUN,1,1,100.0
تیرانداز,NOUN,1,1,100.0
تیراژ,NOUN,1,0,0.0
تی‌شرت,NOUN,1,0,0.0
توزیع,NOUN,1,1,100.0
توصیف,NOUN,1,1,100.0
توصیه,NOUN,1,0,0.0
تنوع,NOUN,1,1,100.0
تنگه,NOUN,1,1,100.0
تن‌پوش,NOUN,1,1,100.0
ملک,PROPN,1,1,100.0
ملی‌پوش,NOUN,1,1,100.0
مناسبات,NOUN,1,1,100.0
مناظره,NOUN,1,1,100.0
مقایسه,NOUN,1,1,100.0
مقبره,NOUN,1,1,100.0
تولد,NOUN,1,1,100.0
تولستوی,PROPN,1,1,100.0
توله,NOUN,1,1,100.0
توله‌پلنگ,NOUN,1,1,100.0
توالت‌عمومی,NOUN,1,1,100.0
تملق,NOUN,1,1,100.0
تمهید,NOUN,1,0,0.0
منت,NOUN,1,0,0.0
منسوب,NOUN,1,1,100.0
منش,NOUN,1,0,0.0
منشی,NOUN,1,1,100.0
منصب,NOUN,1,1,100.0
منطقه,PROPN,1,1,100.0
ملاحظه,NOUN,1,1,100.0
ملازم,NOUN,1,1,100.0
ملاقات,NOUN,1,0,0.0
توحید,NOUN,1,1,100.0
تودلی,NOUN,1,0,0.0
توده,NOUN,1,1,100.0
توری,PROPN,1,1,100.0
تنش,NOUN,1,0,0.0
تلنگر,NOUN,1,0,0.0
تله‌فیلم,NOUN,1,1,100.0
منظومه,PROPN,1,1,100.0
منویات,NOUN,1,1,100.0
منکر,NOUN,1,1,100.0
منیزیم,NOUN,1,0,0.0
مهری,NOUN,1,1,100.0
منافع,NOUN,1,1,100.0
منافق,NOUN,1,1,100.0
منافق,PROPN,1,1,100.0
ته,NOUN,1,1,100.0
تهاجم,NOUN,1,1,100.0
تهی‌دستی,NOUN,1,1,100.0
ته‌چین,NOUN,1,0,0.0
توافق‌نامه,NOUN,1,0,0.0
مهمان‌نوازی,NOUN,1,1,100.0
تلویزیون,NOUN,1,1,100.0
تلگراف,NOUN,1,0,0.0
تلگراف,PROPN,1,1,100.0
تلگرافچی,NOUN,1,1,100.0
تفوق,NOUN,1,0,0.0
تفکیک,NOUN,1,1,100.0
مهندسی,NOUN,1,1,100.0
مواضع,NOUN,1,1,100.0
موجب,NOUN,1,1,100.0
موجبات,NOUN,1,1,100.0
موجود,NOUN,1,0,0.0
منظومات,NOUN,1,0,0.0
تناسب,NOUN,1,0,0.0
تندی,NOUN,1,1,100.0
تندیس,PROPN,1,1,100.0
تفنگ‌دار,NOUN,1,1,100.0
تعارف,NOUN,1,1,100.0
تقدس,NOUN,1,0,0.0
تقسیم‌بندی,NOUN,1,1,100.0
تقصیر,NOUN,1,1,100.0
تقوی,NOUN,1,1,100.0
تلاقی,NOUN,1,0,0.0
تلطف,NOUN,1,1,100.0
تعلیق,NOUN,1,0,0.0
مورینیو,PROPN,1,1,100.0
موسوی,PROPN,1,1,100.0
موسی,PROPN,1,1,100.0
موسیقی‌دان,NOUN,1,0,0.0
موسی‌قلعه,PROPN,1,1,100.0
مهم,NOUN,1,1,100.0
مهمان,NOUN,1,1,100.0
تعدیل,NOUN,1,1,100.0
تعرض,NOUN,1,1,100.0
تعطیلات,NOUN,1,1,100.0
تعطیلی,NOUN,1,1,100.0
تشنگی,NOUN,1,1,100.0
تشکل,NOUN,1,1,100.0
مولانا,PROPN,1,1,100.0
مولوخیا,NOUN,1,1,100.0
مولکول,NOUN,1,1,100.0
موکله,NOUN,1,1,100.0
مژدگانی,NOUN,1,0,0.0
موجودی,NOUN,1,1,100.0
مودم,NOUN,1,1,100.0
تعهدنامه,NOUN,1,1,100.0
تغیر,NOUN,1,0,0.0
تفصیل,NOUN,1,1,100.0
میکروملخ,NOUN,1,1,100.0
مکعب,NOUN,1,1,100.0
مکمل,NOUN,1,1,100.0
مگاوات,NOUN,1,0,0.0
میان,NOUN,1,1,100.0
میانه,NOUN,1,1,100.0
میانگین,NOUN,1,1,100.0
میان‌ترم,NOUN,1,1,100.0
میاه,NOUN,1,1,100.0
میبد,PROPN,1,1,100.0
میتینگ,NOUN,1,0,0.0
میخائیل,PROPN,1,1,100.0
میر,PROPN,1,1,100.0
موعظه,NOUN,1,0,0.0
تعاون,NOUN,1,1,100.0
تعجب,NOUN,1,1,100.0
تصنیف,NOUN,1,1,100.0
تصوف,NOUN,1,1,100.0
تصویب,NOUN,1,1,100.0
تضاد,NOUN,1,1,100.0
تطابق,NOUN,1,0,0.0
تظاهرگرایی,NOUN,1,1,100.0
تروریسم,NOUN,1,1,100.0
ترویج,NOUN,1,1,100.0
میز,PROPN,1,1,100.0
میلان,PROPN,1,1,100.0
میلیون‌ها,NOUN,1,1,100.0
میلی‌گرم,NOUN,1,0,0.0
میمون,PROPN,1,1,100.0
مین,NOUN,1,1,100.0
میهن,NOUN,1,1,100.0
میکروفون,NOUN,1,1,100.0
تسلیماً,NOUN,1,1,100.0
تسهیلات,NOUN,1,1,100.0
تشعشع,NOUN,1,0,0.0
تراکتورسازی,PROPN,1,1,100.0
تراکنش,NOUN,1,1,100.0
تربیت,NOUN,1,1,100.0
نابودی,NOUN,1,1,100.0
ناخشنودی,NOUN,1,1,100.0
ناداب,PROPN,1,1,100.0
نارسایی,NOUN,1,1,100.0
نارنج,NOUN,1,1,100.0
ناروایی,NOUN,1,1,100.0
ناز,NOUN,1,0,0.0
میرغضب,NOUN,1,0,0.0
میز,NOUN,1,1,100.0
تشکیل,NOUN,1,1,100.0
ندانم‌کاری,NOUN,1,1,100.0
نذر,NOUN,1,0,0.0
ناظم,NOUN,1,1,100.0
نافرمانی,NOUN,1,0,0.0
ناقد,NOUN,1,1,100.0
ناقه,NOUN,1,1,100.0
ناله,NOUN,1,0,0.0
ناوگان,NOUN,1,1,100.0
ناپلئون,PROPN,1,1,100.0
ناکامی,NOUN,1,1,100.0
میگو,NOUN,1,1,100.0
ناامنی,NOUN,1,1,100.0
ترکه,NOUN,1,0,0.0
ترکیه,PROPN,1,1,100.0
تسلیت,NOUN,1,0,0.0
تسلیحات,NOUN,1,1,100.0
نبرد,NOUN,1,1,100.0
ترجیح,NOUN,1,0,0.0
ترحم,NOUN,1,0,0.0
تردد,NOUN,1,1,100.0
ترش,NOUN,1,0,0.0
ترشی,NOUN,1,1,100.0
ترشیز,PROPN,1,1,100.0
ترقی,NOUN,1,0,0.0
تخفیف,NOUN,1,0,0.0
نبض,NOUN,1,1,100.0
نبوت,NOUN,1,1,100.0
نبودن,NOUN,1,1,100.0
نجات,NOUN,1,0,0.0
نجوا,NOUN,1,0,0.0
نخست‌وزیری,NOUN,1,1,100.0
ندا,PROPN,1,0,0.0
نردبان,NOUN,1,0,0.0
نرمه,NOUN,1,1,100.0
تخمه,NOUN,1,1,100.0
تداخل,NOUN,1,0,0.0
تدارک,NOUN,1,0,0.0
تدریس,NOUN,1,1,100.0
تراشکار,NOUN,1,1,100.0
تراول,NOUN,1,0,0.0
تحت‌الحنک,NOUN,1,1,100.0
تحرک,NOUN,1,1,100.0
تحریر,NOUN,1,0,0.0
نرمی,NOUN,1,1,100.0
نزدیکی,NOUN,1,1,100.0
نشانگر,NOUN,1,1,100.0
نایت‌کلاب,NOUN,1,0,0.0
نایلون,NOUN,1,1,100.0
تأییدیه,NOUN,1,1,100.0
تحریف,NOUN,1,1,100.0
تحقیق,NOUN,1,1,100.0
تحلیل,NOUN,1,1,100.0
تخت,PROPN,1,1,100.0
تختی,NOUN,1,1,100.0
تالار,NOUN,1,1,100.0
تاوان,NOUN,1,1,100.0
تاپیک,NOUN,1,1,100.0
نشست,NOUN,1,1,100.0
نشیمن,NOUN,1,0,0.0
نشیمن,PROPN,1,0,0.0
نصرت,NOUN,1,1,100.0
نظاره,NOUN,1,0,0.0
نظرخورده,NOUN,1,1,100.0
نعره,NOUN,1,0,0.0
تابه,NOUN,1,1,100.0
تاجر,NOUN,1,1,100.0
تازه‌مسلمان,NOUN,1,1,100.0
بی‌حجابی,NOUN,1,1,100.0
بی‌حوصلگی,NOUN,1,1,100.0
بی‌حیاگری,NOUN,1,1,100.0
نفتالین,NOUN,1,0,0.0
نفحه,NOUN,1,1,100.0
نفرین,NOUN,1,0,0.0
نفوذ,NOUN,1,1,100.0
نشریه,PROPN,1,1,100.0
تایر,NOUN,1,1,100.0
تبرک,NOUN,1,0,0.0
تبعیض,NOUN,1,1,100.0
تأویل,NOUN,1,1,100.0
تأکید,NOUN,1,0,0.0
بی‌نشاطی,NOUN,1,1,100.0
بی‌نظمی,NOUN,1,1,100.0
بی‌گناه,NOUN,1,1,100.0
بی‌گناهی,NOUN,1,1,100.0
تأدیب,NOUN,1,1,100.0
تأسف,NOUN,1,0,0.0
بیمارستان,NOUN,1,1,100.0
بیمه,NOUN,1,1,100.0
نقصان,NOUN,1,0,0.0
نقیصه,NOUN,1,1,100.0
نمازخانه,PROPN,1,1,100.0
نمازگزار,NOUN,1,1,100.0
نعمت,PROPN,1,1,100.0
نعناع,NOUN,1,1,100.0
تئوری,NOUN,1,1,100.0
تابعیت,NOUN,1,1,100.0
نوجوانی,NOUN,1,1,100.0
نوح,PROPN,1,1,100.0
نوحه,PROPN,1,0,0.0
نمایندگی,PROPN,1,1,100.0
نمردن,NOUN,1,1,100.0
نمود,NOUN,1,0,0.0
نمودار,NOUN,1,1,100.0
نمی‌توانم,NOUN,1,1,100.0
نه,NOUN,1,0,0.0
نهاد,NOUN,1,1,100.0
نهار,NOUN,1,1,100.0
نقدینه,NOUN,1,1,100.0
بی‌خرد,NOUN,1,1,100.0
بی‌خیالی,NOUN,1,1,100.0
بی‌دینی,NOUN,1,1,100.0
بی‌معرفتی,NOUN,1,0,0.0
بینایی,NOUN,1,0,0.0
بیننده,NOUN,1,1,100.0
بینی,NOUN,1,1,100.0
بیهوشی,NOUN,1,0,0.0
بیچاره,NOUN,1,1,100.0
بیکاره,NOUN,1,1,100.0
بیگانه,NOUN,1,1,100.0
بیگودی,NOUN,1,1,100.0
بی‌اعتنایی,NOUN,1,1,100.0
بی‌توجهی,NOUN,1,0,0.0
بیابان,NOUN,1,1,100.0
نهم,NOUN,1,1,100.0
نوآموز,NOUN,1,1,100.0
نوازندگی,NOUN,1,0,0.0
نوبل,NOUN,1,1,100.0
نوترون,NOUN,1,1,100.0
بیزاری,NOUN,1,1,100.0
بیشه‌زار,NOUN,1,0,0.0
بهمن,PROPN,1,1,100.0
به‌روزرسانی,NOUN,1,1,100.0
به‌کارگیری,NOUN,1,1,100.0
نوشید,VERB,1,0,0.0
نوشیدنی,NOUN,1,0,0.0
نوه,NOUN,1,1,100.0
نوک,PROPN,1,1,100.0
نوکر,NOUN,1,1,100.0
نوید,NOUN,1,1,100.0
نویز,NOUN,1,1,100.0
نهج‌البلاغه,PROPN,1,1,100.0
نهج‌الخاص,NOUN,1,1,100.0
نهضت,NOUN,1,1,100.0
بیمه‌نامه,NOUN,1,1,100.0
بوسیدن,NOUN,1,1,100.0
بوسیدن,PROPN,1,1,100.0
بوی,NOUN,1,1,100.0
بچه‌فیل,NOUN,1,1,100.0
بکارت,NOUN,1,1,100.0
بیا,NOUN,1,0,0.0
بنیانگذار,NOUN,1,1,100.0
بنیه,NOUN,1,0,0.0
بنی‌اسرائیل,PROPN,1,1,100.0
نگاشتن,NOUN,1,1,100.0
نی,NOUN,1,1,100.0
نیازمند,NOUN,1,1,100.0
نیزه,NOUN,1,1,100.0
نوحه‌گری,NOUN,1,1,100.0
نوروز,PROPN,1,1,100.0
بیرق,NOUN,1,1,100.0
بهتان,NOUN,1,0,0.0
بهشتی,PROPN,1,1,100.0
بلیت‌فروش,NOUN,1,1,100.0
نیمی,NOUN,1,1,100.0
نیم‌فصل,NOUN,1,1,100.0
نیکو,ADJ,1,1,100.0
نیکویی,NOUN,1,1,100.0
نیکی,NOUN,1,1,100.0
نی‌لبک,NOUN,1,0,0.0
ها,NOUN,1,1,100.0
هافبک,NOUN,1,1,100.0
هاچیکو,PROPN,1,1,100.0
های,NOUN,1,0,0.0
نویسه,NOUN,1,1,100.0
نژاد,NOUN,1,1,100.0
بوسه,NOUN,1,0,0.0
هم,PRON,1,1,100.0
هجوم,NOUN,1,1,100.0
هدایت,PROPN,1,1,100.0
هدفمندی,NOUN,1,1,100.0
هدی,NOUN,1,1,100.0
هدیه,PROPN,1,1,100.0
هری,PROPN,1,1,100.0
هزارم,NOUN,1,1,100.0
هزاره,NOUN,1,1,100.0
نیم,NOUN,1,1,100.0
نیمه,NOUN,1,1,100.0
نیمه‌شب,NOUN,1,1,100.0
بهاران,NOUN,1,1,100.0
بهارنارنج,NOUN,1,0,0.0
بهایی,NOUN,1,1,100.0
بهبودی,NOUN,1,0,0.0
بنزین,NOUN,1,1,100.0
بنگ,NOUN,1,0,0.0
بنیاد,NOUN,1,1,100.0
بنیاد,PROPN,1,1,100.0
بعله,NOUN,1,1,100.0
بغداد,PROPN,1,1,100.0
هفت,NOUN,1,0,0.0
هفته,NOUN,1,0,0.0
هفته‌نامه,NOUN,1,0,0.0
هفته‌نامه,PROPN,1,1,100.0
هفت‌خوان,PROPN,1,1,100.0
هلال,PROPN,1,1,100.0
هله‌هوله,NOUN,1,0,0.0
هلیا,PROPN,1,1,100.0
هلیکوباکتر,PROPN,1,0,0.0
هم,ADV,1,0,0.0
هنردوست,NOUN,1,1,100.0
هنرستان,PROPN,1,1,100.0
هنگامه,NOUN,1,0,0.0
همانها,PRON,1,1,100.0
هماورد,NOUN,1,1,100.0
همجنس‌گرا,NOUN,1,1,100.0
همدردی,NOUN,1,1,100.0
همدست,PROPN,1,1,100.0
همسرایی,NOUN,1,1,100.0
همه,DET,1,1,100.0
همکار,NOUN,1,1,100.0
هشت‌پا,NOUN,1,1,100.0
هشدارباش,NOUN,1,0,0.0
بندر,NOUN,1,1,100.0
بندگی,NOUN,1,1,100.0
بنر,NOUN,1,1,100.0
برکناری,NOUN,1,1,100.0
برگزیده,NOUN,1,1,100.0
بقا,NOUN,1,0,0.0
بقال,NOUN,1,1,100.0
بقچه,NOUN,1,1,100.0
بقیه,NOUN,1,1,100.0
بلال,NOUN,1,1,100.0
بلر,NOUN,1,1,100.0
بلور,NOUN,1,1,100.0
بلوغ,NOUN,1,1,100.0
بلوچ,PROPN,1,1,100.0
بلک‌شاپ,PROPN,1,1,100.0
بسته‌بندی,NOUN,1,1,100.0
بستگان,NOUN,1,1,100.0
هم‌ارز,NOUN,1,1,100.0
هنجار,NOUN,1,1,100.0
بزرگراه,NOUN,1,1,100.0
بزرگواری,NOUN,1,1,100.0
بزرگ‌پیامبر,NOUN,1,1,100.0
بردگی,NOUN,1,1,100.0
هویت,PROPN,1,1,100.0
هویج,NOUN,1,1,100.0
هکماوار,NOUN,1,1,100.0
هیئت,NOUN,1,0,0.0
هیمالیا,PROPN,1,1,100.0
هیمه,NOUN,1,1,100.0
هیچ‌هیچ,NOUN,1,1,100.0
بسمله,NOUN,1,1,100.0
بشریت,NOUN,1,1,100.0
بشقاب,NOUN,1,1,100.0
بصره,PROPN,1,1,100.0
بعثی,PROPN,1,1,100.0
برهمن,NOUN,1,1,100.0
برهه,NOUN,1,1,100.0
برون,NOUN,1,0,0.0
برون‌رفت,NOUN,1,1,100.0
برچسب,NOUN,1,0,0.0
واجب,NOUN,1,1,100.0
وارداتی,NOUN,1,1,100.0
وارونگی,NOUN,1,0,0.0
واشنگتن,PROPN,1,1,100.0
واعظ,NOUN,1,0,0.0
وال,PROPN,1,1,100.0
وام,PROPN,1,0,0.0
برگشت,NOUN,1,0,0.0
بریده,NOUN,1,1,100.0
بریدگی,NOUN,1,1,100.0
بزرگتری,NOUN,1,1,100.0
باگ,NOUN,1,1,100.0
بذرافشان,NOUN,1,1,100.0
برابر,NOUN,1,1,100.0
برابری,NOUN,1,1,100.0
بردباری,NOUN,1,0,0.0
برده,NOUN,1,1,100.0
بخشودگی,NOUN,1,1,100.0
بخور,NOUN,1,1,100.0
واژه‌نامه,NOUN,1,1,100.0
وب,NOUN,1,1,100.0
وبسایت,NOUN,1,1,100.0
وب‌سایت,NOUN,1,1,100.0
وثوق,NOUN,1,1,100.0
وجهه,NOUN,1,1,100.0
وابسته,NOUN,1,1,100.0
برهان,NOUN,1,1,100.0
بخش,PROPN,1,1,100.0
باغبانی,NOUN,1,1,100.0
باغچه,NOUN,1,1,100.0
ورزشگاه,PROPN,1,1,100.0
ورم,NOUN,1,1,100.0
ورژن,NOUN,1,1,100.0
وانیلین,NOUN,1,1,100.0
وانیلین,PROPN,1,1,100.0
بدان,NOUN,1,1,100.0
بدبخت,NOUN,1,0,0.0
بدبختی,NOUN,1,1,100.0
بدبینی,NOUN,1,1,100.0
بدرفتاری,NOUN,1,1,100.0
بدصفت,PROPN,1,1,100.0
بدهکاری,NOUN,1,1,100.0
باژ,NOUN,1,0,0.0
ویتنام,PROPN,1,1,100.0
ویرگول,NOUN,1,1,100.0
ویزا,NOUN,1,0,0.0
ویسکی,NOUN,1,0,0.0
ویندوز,PROPN,1,1,100.0
وسطی,NOUN,1,0,0.0
وضو,NOUN,1,1,100.0
وظیفه‌ای,NOUN,1,0,0.0
وفاداری,NOUN,1,0,0.0
وقوف,NOUN,1,0,0.0
وحشت,NOUN,1,0,0.0
بتخانه,NOUN,1,1,100.0
بت‌پرست,NOUN,1,1,100.0
بحارالانوار,NOUN,1,1,100.0
بحر,NOUN,1,1,100.0
بخاری,NOUN,1,1,100.0
پارسی,NOUN,1,1,100.0
ولد,NOUN,1,1,100.0
بافتنی,NOUN,1,0,0.0
باقلوا,NOUN,1,1,100.0
باقیمانده,NOUN,1,1,100.0
باقی‌مانده,NOUN,1,1,100.0
بالغ,NOUN,1,1,100.0
بالندگی,NOUN,1,1,100.0
بالون,NOUN,1,0,0.0
بالگرد,NOUN,1,1,100.0
بانو,NOUN,1,1,100.0
بازپرداخت,NOUN,1,1,100.0
ولی,CCONJ,1,1,100.0
ونزوئلا,PROPN,1,1,100.0
ونگر,PROPN,1,1,100.0
وهم,NOUN,1,1,100.0
بازیچه,NOUN,1,1,100.0
بازیگوشی,NOUN,1,1,100.0
باشو,NOUN,1,1,100.0
باشگاه,PROPN,1,1,100.0
باطل,NOUN,1,1,100.0
بادبزن,NOUN,1,1,100.0
پادشاه,NOUN,1,1,100.0
پادشاهی,NOUN,1,1,100.0
پادو,NOUN,1,1,100.0
پارازیت,NOUN,1,0,0.0
پارامتر,NOUN,1,1,100.0
پاراگراف,NOUN,1,1,100.0
پارتی,NOUN,1,0,0.0
پارتیشن,NOUN,1,1,100.0
پارتی‌بازی,NOUN,1,0,0.0
پارسایی,NOUN,1,1,100.0
اکثر,NOUN,1,1,100.0
اکران,NOUN,1,1,100.0
بادنجان,NOUN,1,1,100.0
بارانی,NOUN,1,1,100.0
بارسا,PROPN,1,1,100.0
بارش,NOUN,1,1,100.0
بارگاه,NOUN,1,0,0.0
بازاری,NOUN,1,1,100.0
پارکینگ,NOUN,1,1,100.0
پارگی,NOUN,1,1,100.0
پارگی,PROPN,1,1,100.0
پاستا,NOUN,1,1,100.0
پاشنه,NOUN,1,1,100.0
پالتو,NOUN,1,1,100.0
پالپ,NOUN,1,1,100.0
پاتریوت,NOUN,1,1,100.0
ایران,NOUN,1,1,100.0
ایزوتوپ,NOUN,1,1,100.0
ایستادن,NOUN,1,1,100.0
اهریمن,PROPN,1,1,100.0
اهم,NOUN,1,1,100.0
پایتخت,NOUN,1,1,100.0
پاییز,NOUN,1,1,100.0
پتو,NOUN,1,1,100.0
پخش,NOUN,1,1,100.0
پذیرایی,NOUN,1,1,100.0
پارلمان,NOUN,1,1,100.0
اینان,PRON,1,1,100.0
اینجانب,PRON,1,1,100.0
اینکه,NOUN,1,0,0.0
بابلیون,NOUN,1,1,100.0
باج,NOUN,1,0,0.0
اوستا,PROPN,1,1,100.0
اوستیا,PROPN,1,1,100.0
اول,ADJ,1,0,0.0
اولی,NOUN,1,1,100.0
اولین,NOUN,1,1,100.0
انکار,NOUN,1,0,0.0
پرتقال,NOUN,1,1,100.0
پردازنده,NOUN,1,1,100.0
پردهه,NOUN,1,1,100.0
پروا,NOUN,1,0,0.0
پاکی,NOUN,1,1,100.0
پاکیزه,NOUN,1,1,100.0
اکسیر,NOUN,1,0,0.0
اکمال,NOUN,1,0,0.0
ایتالیایی,NOUN,1,0,0.0
ایجاز,NOUN,1,1,100.0
اهانت,NOUN,1,1,100.0
اهانت‌کنندگان,NOUN,1,1,100.0
اهتمام,NOUN,1,0,0.0
اندرزنامه,NOUN,1,1,100.0
اندوه‌ها,NOUN,1,1,100.0
پروتز,NOUN,1,1,100.0
پروین,NOUN,1,1,100.0
پریز,NOUN,1,1,100.0
پرینلی,PROPN,1,1,100.0
پس,NOUN,1,1,100.0
پساب,NOUN,1,1,100.0
پست,ADJ,1,1,100.0
پرانتز,NOUN,1,1,100.0
پرتاب,NOUN,1,1,100.0
اهورامزدا,NOUN,1,1,100.0
اوربیتال‌های,NOUN,1,1,100.0
انس,NOUN,1,0,0.0
انشا,NOUN,1,0,0.0
انعام,NOUN,1,0,0.0
انفجار,NOUN,1,1,100.0
انبوه,NOUN,1,1,100.0
پس‌انداز,NOUN,1,1,100.0
پشتی,NOUN,1,1,100.0
پشتیبان,NOUN,1,1,100.0
پشم,NOUN,1,1,100.0
پف,NOUN,1,0,0.0
پلاک,NOUN,1,0,0.0
پلاکت,NOUN,1,0,0.0
انگ,NOUN,1,0,0.0
انگشتر,NOUN,1,1,100.0
انگلیس,PROPN,1,1,100.0
انیمیشن,NOUN,1,1,100.0
انتها,NOUN,1,1,100.0
اندرز,NOUN,1,1,100.0
امنیت‌طلبی,NOUN,1,1,100.0
امپراتوری,NOUN,1,1,100.0
پلورزی,NOUN,1,1,100.0
پلی‌پروپیلن,NOUN,1,1,100.0
پمپ,NOUN,1,1,100.0
پنالتی,NOUN,1,1,100.0
پناهجو,NOUN,1,1,100.0
پناهنده,NOUN,1,1,100.0
پناهگاه,NOUN,1,1,100.0
پنتاگون,PROPN,1,1,100.0
پسرخاله,NOUN,1,1,100.0
اندکی,NOUN,1,1,100.0
اندیشمند,NOUN,1,1,100.0
انذار,NOUN,1,1,100.0
امین,NOUN,1,0,0.0
انالله,NOUN,1,1,100.0
انبار,NOUN,1,1,100.0
امامت,NOUN,1,1,100.0
امامزاده,NOUN,1,1,100.0
پنداشت,NOUN,1,1,100.0
پهلو,NOUN,1,1,100.0
پهلوی,NOUN,1,1,100.0
پهپاد,NOUN,1,1,100.0
پوتین,PROPN,1,1,100.0
پور,PROPN,1,1,100.0
پوزخند,NOUN,1,1,100.0
پوزش,NOUN,1,0,0.0
پوزه,NOUN,1,1,100.0
پلوتونیوم,NOUN,1,0,0.0
انتساب,NOUN,1,1,100.0
پوشاک,NOUN,1,0,0.0
امتی,NOUN,1,1,100.0
امریه,NOUN,1,1,100.0
املا,NOUN,1,1,100.0
املاک,NOUN,1,1,100.0
الزام,NOUN,1,0,0.0
پپر,PROPN,1,1,100.0
پژوهش,NOUN,1,1,100.0
پژوهشگر,NOUN,1,1,100.0
پک,NOUN,1,1,100.0
پیاده‌روی,NOUN,1,1,100.0
پیاده‌نظام,NOUN,1,1,100.0
پندار,NOUN,1,0,0.0
امپراطوری,PROPN,1,1,100.0
امیدواری,NOUN,1,1,100.0
امین,ADJ,1,0,0.0
الوار,NOUN,1,1,100.0
الک,NOUN,1,1,100.0
الکترودهای,NOUN,1,1,100.0
الگو,PROPN,1,1,100.0
ال‌سی,NOUN,1,1,100.0
افسردگی,NOUN,1,1,100.0
افشاگری,NOUN,1,1,100.0
پیج‌رنک,PROPN,1,0,0.0
پیر,NOUN,1,1,100.0
پیرزن,NOUN,1,1,100.0
پیرمرد,NOUN,1,1,100.0
پیرهن,NOUN,1,0,0.0
پیزارو,PROPN,1,1,100.0
پیس,NOUN,1,1,100.0
پیستون,PROPN,1,1,100.0
پوسته,NOUN,1,1,100.0
اقتصادی,NOUN,1,1,100.0
اقتضا,NOUN,1,1,100.0
اقیانوس,NOUN,1,1,100.0
التفات,NOUN,1,0,0.0
اعلام,NOUN,1,1,100.0
پیشروی,NOUN,1,1,100.0
پیشوا,NOUN,1,1,100.0
پیشینه,NOUN,1,1,100.0
پیمانه,NOUN,1,0,0.0
پیه,NOUN,1,1,100.0
پیکار,NOUN,1,0,0.0
پیامبری,NOUN,1,1,100.0
پیتزا,NOUN,1,0,0.0
السلام,NOUN,1,1,100.0
الفبا,NOUN,1,1,100.0
الله,NOUN,1,1,100.0
اعمال,NOUN,1,1,100.0
اغتشاشگر,NOUN,1,1,100.0
افاضه,NOUN,1,1,100.0
افت,NOUN,1,1,100.0
افراط‌گری,NOUN,1,1,100.0
افزون,ADJ,1,1,100.0
اطلاعیه,NOUN,1,0,0.0
اطلاع‌یابی,NOUN,1,1,100.0
چادر,PROPN,1,1,100.0
چادرشب,NOUN,1,0,0.0
چاه,PROPN,1,1,100.0
چاپخانه,NOUN,1,0,0.0
چاپلوسی,NOUN,1,1,100.0
چاکرا,NOUN,1,1,100.0
افشین,PROPN,1,1,100.0
افغان,PROPN,1,1,100.0
اعانت,NOUN,1,0,0.0
اعجاز,NOUN,1,0,0.0
اعزام,NOUN,1,1,100.0
اشغالگر,NOUN,1,1,100.0
اشک,PROPN,1,1,100.0
چرایی,NOUN,1,1,100.0
چربی,NOUN,1,0,0.0
چرت,NOUN,1,0,0.0
چرخش,NOUN,1,1,100.0
چرخ‌دنده,NOUN,1,1,100.0
چرک,NOUN,1,1,100.0
چسب,NOUN,1,1,100.0
چشم‌انداز,NOUN,1,1,100.0
پیکان,NOUN,1,1,100.0
پی‌آمد,NOUN,1,1,100.0
اعلامیه,PROPN,1,1,100.0
اصله,NOUN,1,0,0.0
اصلیت,NOUN,1,0,0.0
اصولگرا,NOUN,1,1,100.0
اضافه‌وزن,NOUN,1,0,0.0
اضطراب,NOUN,1,1,100.0
اسپری,PROPN,1,1,100.0
اسکریپت,NOUN,1,1,100.0
اسکلت,NOUN,1,1,100.0
چهارطاق,NOUN,1,0,0.0
چوب‌دستی,NOUN,1,0,0.0
چوب‌پنبه,NOUN,1,0,0.0
چپلی,NOUN,1,1,100.0
چکش,NOUN,1,0,0.0
چای,PROPN,1,1,100.0
چتربازی,NOUN,1,1,100.0
اظهارنامه,NOUN,1,1,100.0
اشتیاق,NOUN,1,1,100.0
اشراف,NOUN,1,0,0.0
اشرافی‌گری,NOUN,1,1,100.0
اشعار,NOUN,1,1,100.0
استیلا,PROPN,1,0,0.0
چی,PRON,1,0,0.0
چیدمان,NOUN,1,1,100.0
چینی,NOUN,1,1,100.0
چیکل,PROPN,1,0,0.0
ژاپن,PROPN,1,1,100.0
ژله,NOUN,1,1,100.0
ژنتیک,NOUN,1,1,100.0
کابلی,PROPN,1,1,100.0
چفت,NOUN,1,1,100.0
اصطکاک,NOUN,1,1,100.0
اصفهان,PROPN,1,1,100.0
اسرائیلی,NOUN,1,1,100.0
اسطوره,NOUN,1,1,100.0
اسطوره‌سازی,NOUN,1,1,100.0
اسلایدها,NOUN,1,1,100.0
اسمیر,NOUN,1,1,100.0
اسپ,NOUN,1,1,100.0
کاراکتر,NOUN,1,1,100.0
کارتن,NOUN,1,1,100.0
کارد,NOUN,1,1,100.0
کاردار,NOUN,1,1,100.0
کارشان,NOUN,1,0,0.0
چکمه,NOUN,1,0,0.0
چی,NOUN,1,0,0.0
اسکیس,NOUN,1,0,0.0
اسیده,NOUN,1,1,100.0
اشتغال,NOUN,1,1,100.0
استمرار,NOUN,1,0,0.0
استنباط,NOUN,1,1,100.0
استیضاح,NOUN,1,1,100.0
اسباب,NOUN,1,1,100.0
اسباب‌بازی,NOUN,1,1,100.0
کارگردان,NOUN,1,1,100.0
کارگزار,NOUN,1,0,0.0
کاریز,NOUN,1,0,0.0
کاریکاتور,NOUN,1,1,100.0
کاستارد,NOUN,1,1,100.0
کاشت,NOUN,1,0,0.0
کافه,NOUN,1,1,100.0
کاخ,PROPN,1,1,100.0
کارآفرینی,NOUN,1,1,100.0
اسد,PROPN,1,1,100.0
اسرائیل,PROPN,1,1,100.0
استحکامات,NOUN,1,1,100.0
استخر,NOUN,1,1,100.0
استدلال,NOUN,1,1,100.0
اردوگاه,PROPN,1,1,100.0
کامبخش,NOUN,1,1,100.0
کامپانلا,PROPN,1,1,100.0
کامیابی,NOUN,1,1,100.0
کانتینر,NOUN,1,1,100.0
کانون,NOUN,1,1,100.0
کانون,PROPN,1,1,100.0
کاهدان,NOUN,1,1,100.0
کارمند,NOUN,1,1,100.0
کارنامه,NOUN,1,1,100.0
استعلام,NOUN,1,0,0.0
استغاثه,NOUN,1,1,100.0
استقرار,NOUN,1,0,0.0
کرسی,NOUN,1,1,100.0
کاهن,NOUN,1,1,100.0
کباده,NOUN,1,0,0.0
کبر,NOUN,1,1,100.0
کبریت,NOUN,1,1,100.0
کتابداری,NOUN,1,0,0.0
کتابنامه,NOUN,1,0,0.0
کتاب‌الله,NOUN,1,1,100.0
کتاب‌خوانی,NOUN,1,1,100.0
کالابرگ,NOUN,1,1,100.0
کالبدشناسی,NOUN,1,1,100.0
استادی,NOUN,1,1,100.0
استامینوفن,PROPN,1,0,0.0
استان,NOUN,1,0,0.0
استبداد,NOUN,1,1,100.0
استحقاق,NOUN,1,1,100.0
ارض,NOUN,1,1,100.0
ارمنستان,PROPN,1,1,100.0
ارمنی,NOUN,1,1,100.0
اروپا,NOUN,1,1,100.0
ازدواج,NOUN,1,1,100.0
اساس‌نامه,NOUN,1,1,100.0
اذن,NOUN,1,0,0.0
ارائه,NOUN,1,1,100.0
کدام,PRON,1,1,100.0
کدو,NOUN,1,1,100.0
کدوتنبل,NOUN,1,1,100.0
کدورت,NOUN,1,1,100.0
کرار,PROPN,1,1,100.0
کران,NOUN,1,1,100.0
کرایه,NOUN,1,1,100.0
کرباس,NOUN,1,1,100.0
ارتقاء,NOUN,1,0,0.0
ارث,NOUN,1,0,0.0
ارج,NOUN,1,1,100.0
کره,PROPN,1,1,100.0
کروب,NOUN,1,0,0.0
کروکدیل,NOUN,1,0,0.0
کرکره,PROPN,1,1,100.0
کریستال,NOUN,1,1,100.0
کسب,NOUN,1,0,0.0
کسره,NOUN,1,1,100.0
کسری,NOUN,1,1,100.0
کسوت,NOUN,1,1,100.0
کشاورزی,NOUN,1,1,100.0
ارزیابی,NOUN,1,1,100.0
ارسال,NOUN,1,1,100.0
ارشیا,PROPN,1,1,100.0
اداراه,NOUN,1,1,100.0
اداره,PROPN,1,1,100.0
ادراک,NOUN,1,1,100.0
ادکلن,PROPN,1,0,0.0
ادیب,NOUN,1,1,100.0
اجراء,NOUN,1,1,100.0
اجنه,NOUN,1,1,100.0
کشتی‌گیر,NOUN,1,1,100.0
کشمش,NOUN,1,1,100.0
کشور,PROPN,1,1,100.0
کفاف,NOUN,1,1,100.0
کفتر,NOUN,1,1,100.0
کفن,NOUN,1,1,100.0
کرش,PROPN,1,1,100.0
کرم‌پودر,PROPN,1,0,0.0
ارتقا,NOUN,1,1,100.0
احدی,NOUN,1,1,100.0
اختراع,NOUN,1,1,100.0
اتلاف,NOUN,1,1,100.0
اتللو,PROPN,1,1,100.0
اتم,NOUN,1,1,100.0
کلاغ,NOUN,1,1,100.0
کلاف,NOUN,1,1,100.0
کلبه,NOUN,1,1,100.0
کلرید,PROPN,1,1,100.0
کلسترول,NOUN,1,1,100.0
کلک,NOUN,1,1,100.0
کلکاه,NOUN,1,1,100.0
کلیسا,NOUN,1,1,100.0
کشته‌شده,NOUN,1,1,100.0
اخلاقیات,NOUN,1,0,0.0
ادا,NOUN,1,1,100.0
کلیپ,NOUN,1,1,100.0
اتو,NOUN,1,0,0.0
اثربخشی,NOUN,1,1,100.0
اجابت‌مزاج,NOUN,1,0,0.0
اجاره,NOUN,1,0,0.0
اجاره‌بها,NOUN,1,1,100.0
ابراز,NOUN,1,0,0.0
کمد,NOUN,1,1,100.0
کمربندی,NOUN,1,1,100.0
کمند,NOUN,1,1,100.0
کمپرسی,NOUN,1,0,0.0
کمپل,NOUN,1,1,100.0
کمیل,PROPN,1,1,100.0
کلاسیک,NOUN,1,0,0.0
احتیاط,NOUN,1,1,100.0
احد,NOUN,1,1,100.0
کوهنورد,NOUN,1,1,100.0
کمینه,NOUN,1,1,100.0
ابرهه,PROPN,1,1,100.0
ابن,PROPN,1,1,100.0
ابوهریره,PROPN,1,1,100.0
اتحادیه,PROPN,1,1,100.0
آیت,NOUN,1,1,100.0
آیت‌الکرسی,NOUN,1,0,0.0
کنتور,NOUN,1,1,100.0
کنجکاوی,NOUN,1,1,100.0
کنسرو,NOUN,1,1,100.0
کنفرانس,NOUN,1,1,100.0
کنکور,NOUN,1,1,100.0
کهنه,NOUN,1,1,100.0
کهکشان,NOUN,1,1,100.0
کوثر,PROPN,1,1,100.0
آموختن,NOUN,1,0,0.0
آی‌سی,NOUN,1,1,100.0
ابا,NOUN,1,0,0.0
اباحی‌گری,NOUN,1,1,100.0
ابان,NOUN,1,1,100.0
ابتذال,NOUN,1,1,100.0
ابتکار,NOUN,1,1,100.0
ابداع,NOUN,1,1,100.0
آنفلوانزا,NOUN,1,0,0.0
کودکستان,NOUN,1,0,0.0
کور,ADJ,1,0,0.0
کوره,NOUN,1,1,100.0
کوروش,NOUN,1,1,100.0
کوروش,PROPN,1,1,100.0
کوله,NOUN,1,1,100.0
کومودوس,PROPN,1,1,100.0
گران‌فروشی,NOUN,1,1,100.0
کوچ,NOUN,1,1,100.0
کوکائین,NOUN,1,1,100.0
کیانی,NOUN,1,1,100.0
کیست,NOUN,1,1,100.0
کیف,PROPN,1,1,100.0
کیل,NOUN,1,1,100.0
کیمیاگری,NOUN,1,1,100.0
کود,NOUN,1,0,0.0
کودتا,NOUN,1,1,100.0
آه,NOUN,1,0,0.0
آه,PROPN,1,0,0.0
آهن,NOUN,1,1,100.0
آهنگسازی,NOUN,1,1,100.0
آهو,NOUN,1,0,0.0
آپارتمانی,NOUN,1,1,100.0
آموخته,NOUN,1,1,100.0
آمینواسید,NOUN,1,1,100.0
آن,DET,1,1,100.0
آن,NOUN,1,1,100.0
آناناس,NOUN,1,1,100.0
آنجا,PRON,1,1,100.0
آل,PROPN,1,1,100.0
آلاینده,NOUN,1,1,100.0
گ,NOUN,1,1,100.0
گازرسانی,NOUN,1,1,100.0
گازوئیل,NOUN,1,1,100.0
گالن,NOUN,1,1,100.0
گذر,NOUN,1,1,100.0
گذرگاه,NOUN,1,1,100.0
گرانجان,NOUN,1,1,100.0
گرانی,NOUN,1,1,100.0
آلی,NOUN,1,1,100.0
آمرزش,NOUN,1,0,0.0
آسیا,NOUN,1,1,100.0
آسیاب,NOUN,1,1,100.0
گرداب,NOUN,1,0,0.0
گرداگرد,NOUN,1,1,100.0
گردش,NOUN,1,1,100.0
گردشگر,NOUN,1,1,100.0
گردنبند,NOUN,1,0,0.0
گرده,NOUN,1,1,100.0
گردو,NOUN,1,1,100.0
گردیانوس,PROPN,1,1,100.0
گرز,NOUN,1,1,100.0
گرفتن,NOUN,1,1,100.0
کیوسک,NOUN,1,1,100.0
کیک,NOUN,1,1,100.0
گلدان,NOUN,1,0,0.0
گلزار,PROPN,1,1,100.0
گلزن,NOUN,1,0,0.0
گلستان,PROPN,1,1,100.0
گرم,NOUN,1,1,100.0
گروه,PROPN,1,1,100.0
گریز,NOUN,1,0,0.0
گرین‌کارت,NOUN,1,1,100.0
گریه‌کن,NOUN,1,0,0.0
گز,NOUN,1,1,100.0
گزارشگر,NOUN,1,1,100.0
آلزایمر,NOUN,1,0,0.0
آلمان,NOUN,1,1,100.0
آلمانی,NOUN,1,0,0.0
آلو,NOUN,1,0,0.0
آلونک,PROPN,1,1,100.0
گستره,NOUN,1,1,100.0
آش,NOUN,1,0,0.0
آشتی,NOUN,1,1,100.0
آشغال,NOUN,1,1,100.0
آشفتگی,NOUN,1,1,100.0
آغوش,NOUN,1,1,100.0
آفت,NOUN,1,0,0.0
آفریده,NOUN,1,1,100.0
آقابالاسر,NOUN,1,0,0.0
آل,NOUN,1,1,100.0
آرنج,NOUN,1,1,100.0
آرژانتین,PROPN,1,1,100.0
آزادمرد,NOUN,1,0,0.0
گشت,VERB,1,0,0.0
گفتن,NOUN,1,1,100.0
گلابی,NOUN,1,0,0.0
گله,NOUN,1,1,100.0
آزاده,NOUN,1,1,100.0
آزمایشگاه,NOUN,1,1,100.0
آسانسور,NOUN,1,0,0.0
آستانه,NOUN,1,1,100.0
آستین,PROPN,1,1,100.0
آسم,NOUN,1,1,100.0
گلیم,NOUN,1,1,100.0
گمراه‌کننده,NOUN,1,0,0.0
گمرک,PROPN,1,1,100.0
گمشده,NOUN,1,1,100.0
گناهکار,NOUN,1,1,100.0
گنبد,PROPN,1,1,100.0
گنجایش,NOUN,1,1,100.0
گنجشک,NOUN,1,1,100.0
گنجی,NOUN,1,1,100.0
گنجینه,NOUN,1,1,100.0
گند,NOUN,1,0,0.0
آذربایجان,PROPN,1,1,100.0
آذوقه,NOUN,1,0,0.0
آر,PROPN,1,0,0.0
آرامگاه,NOUN,1,1,100.0
آرایش,NOUN,1,0,0.0
آرایشگاه,NOUN,1,1,100.0
آرمین,NOUN,1,1,100.0
آبشار,NOUN,1,1,100.0
آب‌انبار,NOUN,1,0,0.0
گه,NOUN,1,0,0.0
گواه,NOUN,1,0,0.0
گوجه,NOUN,1,1,100.0
گورخر,NOUN,1,1,100.0
گوزن,NOUN,1,1,100.0
1/3,NOUN,1,1,100.0
29,NUM,1,1,100.0
30,NOUN,1,0,0.0
یورش,NOUN,1,1,100.0
یوسف,PROPN,1,1,100.0
یوق,NOUN,1,1,100.0
یونسکو,PROPN,1,1,100.0
یوگوسلاوی,PROPN,1,1,100.0
یکپارچگی,NOUN,1,1,100.0
10%,NOUN,1,1,100.0
گوهر,NOUN,1,1,100.0
آب‌لیمو,NOUN,1,1,100.0
آب‌نمک,PROPN,1,0,0.0
آتشکده,NOUN,1,1,100.0
آتش‌بس,NOUN,1,1,100.0
آتش‌فشان,NOUN,1,0,0.0
Fas,PROPN,1,1,100.0
Kick,PROPN,1,1,100.0
RNA,PROPN,1,1,100.0
W850,PROPN,1,1,100.0
_,NOUN,1,1,100.0
vcd,PROPN,1,1,100.0
یمن,PROPN,1,1,100.0
یارا,NOUN,1,1,100.0
یارانه,NOUN,1,1,100.0
یاس,NOUN,1,1,100.0
یاقوت,NOUN,1,0,0.0
یال,NOUN,1,0,0.0
یاوه,NOUN,1,1,100.0
یتیم,PROPN,1,0,0.0
یزید,PROPN,1,1,100.0
یعقوب,PROPN,1,1,100.0
